pathway	S01	S02	S03	S04	S05	S06	S07	S08	S09	S10
12DICHLORETHDEG-PWY	0.0	0.0	0.0	0.0	7.812771598152917	0.0	0.0	2.8344444218199594	0.0	0.0
14DICHLORBENZDEG-PWY	25.163149855744756	3.724629910245949	0.0	6.588235294117647	1356.088740073224	0.0	18.641143016758686	0.0	0.0	0.0
1CMET2-PWY	69924.70779170668	13550.315508368349	55265.60034382924	64670.34886344827	46270.62199795681	61461.59000833934	383892.64741084137	59993.83541270015	36000.86054145384	78945.63765232617
3-HYDROXYPHENYLACETATE-DEGRADATION-PWY	8.54050495783621	0.0	0.0	13.18687558867119	1931.4845476619805	0.0	24.2624500136868	6.3301145464885495	97.0671344695015	3.4259014541650097
4-HYDROXYMANDELATE-DEGRADATION-PWY	0.0	0.0	0.0	0.0	0.0	12.815859480339638	85.03626497358226	21.929503391365706	8.779458328379084	4.685263208382103
AEROBACTINSYN-PWY	0.0	0.0	0.0	0.0	38.73866689072119	0.0	0.9906016485632848	83.0	48.15763546798029	0.0
ALLANTOINDEG-PWY	799.8721894015448	338.7080955838792	205.69325784337835	100.62384408523076	3122.339966357173	93.75378460720795	2584.4458465680855	3201.6927340780308	747.7840566197121	388.9901026965919
ANAEROFRUCAT-PWY	61075.75052435789	12739.384505602055	20829.56115383358	50087.43535526631	26236.253184445835	52254.22382396196	305279.4099590622	50279.92645466768	34261.70626488807	72933.4612278622
ANAGLYCOLYSIS-PWY	84487.57980996436	16479.506182004046	31808.183211440228	66729.7689411442	57389.70977452052	71520.48319827841	374571.12907982717	67274.47994244588	46934.01479114511	97941.70981911388
ARG+POLYAMINE-SYN	21959.09728503357	4196.736015071504	12407.291630864851	11568.738223160386	13489.0373418066	24076.74455901992	168029.13999603712	21376.22284618187	13141.47361183762	27940.29010831536
ARGDEG-IV-PWY	2.3278271918678524	0.0	0.0	5.7142857142857135	1271.218212885008	0.0	0.0	0.0	0.0	0.0
ARGDEG-PWY	3.5676777749298543	0.0	0.0	0.0	0.0	0.0	0.0	0.0	170.5287063435435	6.665590105616894
ARGININE-SYN4-PWY	54831.94724354216	14270.638814610196	43509.37713202318	44916.52318016304	20990.620086968458	68288.85850986885	435861.3440754848	42989.986321716635	27906.689713648233	56266.96007164398
ARGSYN-PWY	68395.52162351625	15920.630590383607	64590.73621738046	55533.97535892111	37301.74715188269	59404.38975306007	354695.389246528	49122.456899374796	39558.795020474885	86911.14009322255
ARGSYNBSUB-PWY	67006.65973809925	16267.253573800657	57414.63856028905	55981.771132043956	35029.743492987815	56563.64563542077	341757.9308920074	47362.71893777526	39083.89926311619	87198.2575527385
ARO-PWY	78589.6404707835	18180.74742805711	99423.83230266572	68810.12085241699	49573.044107719026	71952.42248498004	367673.833800312	59881.916684186624	42847.75783450223	89658.32558906167
ASPASN-PWY	40067.720616679115	7358.963760618339	80293.62865904186	30537.89204343553	25890.50616946031	32177.551307898088	94961.99778603614	28728.812271742492	24371.905248008887	58114.844009015644
AST-PWY	438.0965739037177	215.4172525763505	159.6898807347537	68.80106283333014	2749.563806882597	13.819339278164277	1921.1301091755797	2463.7531228790435	819.3846683185745	2010.0
BRANCHED-CHAIN-AA-SYN-PWY	78206.61404667639	17272.806283378355	108192.71529064703	73206.14328269476	48206.21002166067	75341.39280448786	329681.54281661875	55744.88836222077	46407.75078429887	92171.73045241284
CALVIN-PWY	101820.12582565875	24181.45524480978	112788.9875033073	85378.17750093677	54274.88908370929	101233.33778728747	607245.7019048382	83889.75601083698	52984.65612083196	114395.6235260502
CARNMET-PWY	420.78327737442663	209.7059497697145	200.0937005135476	85.1965811965812	1520.5143956485047	29.78554621453	1809.555871225042	2504.2693920038655	413.56594465239954	171.34146862837028
CATECHOL-ORTHO-CLEAVAGE-PWY	8.519984225915232	0.0	0.0	18.36421502914442	2344.3207297307936	0.0	41.58474728894046	159.21864802770259	159.00650673157548	0.0
CHLOROPHYLL-SYN	0.0	0.0	0.0	0.0	0.0	0.0	0.0	4.495531454887665	0.0	0.0
CITRULBIO-PWY	15451.809868909619	2357.440618345869	2052.292865260021	5411.404909089549	9113.63254562555	7319.899036106229	24069.453782307777	8525.895940676446	5660.760211891806	15352.647866175821
COA-PWY	69140.44449187296	15562.16424629495	101079.22515418014	63412.13931020942	44432.1761667007	69229.21903746173	410262.8211735397	63446.79762937118	38773.637639293265	78370.17113734772
COA-PWY-1	74315.55192994508	16749.16835900651	101918.44585853671	67729.97194741546	47377.384082160934	72748.47214599838	412867.6011612397	66053.49977734617	40701.46605027146	82848.40815973011
COBALSYN-PWY	55152.96118935881	13661.75720541855	21485.295302748673	48555.6273223751	31635.80655429028	47541.71915662604	311915.52424023877	48882.98371209013	27292.86723001527	56669.29071318611
CODH-PWY	6736.018457428421	2012.0449270728716	780.1968560548767	923.0979244930427	3541.685354936145	200.02211436185698	3330.0260504751845	752.3432946880122	341.18848483539364	1197.5666050499262
COLANSYN-PWY	76538.03650168552	13272.516478232043	109551.06838958069	70553.63948493866	53163.943950371635	74416.26085821126	249947.7186407001	49826.36846815122	41745.443140159805	87246.41134367908
COMPLETE-ARO-PWY	80829.9887455111	18824.58601293428	89916.17214768931	66954.86080943307	49291.77737801924	70153.7608644433	389852.5559958058	60349.817739377366	44431.38945946841	93387.88587405268
CRNFORCAT-PWY	306.4478903303068	82.408027601111	108.89755341786625	0.0	69.18612276018267	0.0	0.0	0.0	14.968274555372124	0.0
DAPLYSINESYN-PWY	67057.7486939693	15316.580824471808	37536.85150584457	43855.87814496817	37928.87102471954	40950.010205349034	316813.59955506126	49609.06275974219	36667.97508418388	78411.64992567767
DARABCATK12-PWY	21408.865288432036	4532.418121147189	10198.590854808856	23748.164613935962	16388.461873485405	21052.95286181232	82682.17875991094	14691.495774185047	13371.728580708754	28086.118246397346
DENITRIFICATION-PWY	17.827969327674612	10.404175573638309	1116.3318285457854	163.6702453287254	1631.7233589641696	59.19016807970046	1749.226303707877	449.5476777724006	75.7295405800109	45.63165026970373
DENOVOPURINE2-PWY	35749.843360677165	6656.502414658754	13337.092597956615	23061.72302297778	30274.291436349453	30210.439297492314	279900.1733026094	46687.90854086365	25208.860401327107	56402.16900081543
DHGLUCONATE-PYR-CAT-PWY	522.162376604358	103.7397769777407	77.7993409984259	85.09684114576287	3705.9680912202402	18.78715496373943	1664.5609470823588	678.70722804822	548.824843615718	2300.9683505553585
DTDPRHAMSYN-PWY	88504.3490017409	19483.58768683793	100608.24450033563	74588.14344948225	55292.51858633494	62132.249307932856	233985.7574086805	58548.37043625324	53743.236106257275	122396.07394080405
ECASYN-PWY	931.8095769329668	432.6546494803758	333.3311693866563	210.3704035456554	2924.4298900421654	28.872476348078653	6178.58467384232	4791.36740732879	1388.2073488099738	3602.040162173734
FAO-PWY	1228.775258427394	490.0327317369482	373.81748395766044	207.18933829110216	7433.1596416530765	111.35056666900569	5225.842029571942	5395.801373117357	1935.3924347730808	5101.3843514684295
FERMENTATION-PWY	71089.30303259715	14043.397655717818	67660.33521253505	59805.9469024326	46927.030101472235	66007.18772754176	288940.82224286353	56034.75812008926	42358.59504666358	85850.35888794895
FOLSYN-PWY	62862.48564875943	11301.115130689413	93584.9348143634	59840.68593389665	45748.80210124982	71355.24696042972	376234.1398379579	59030.58482409044	35051.82054153019	72511.75734898797
FUC-RHAMCAT-PWY	23186.442692547458	5427.383457743832	16094.985375849197	13756.297938684864	15261.39158087719	13027.123685422268	65796.41285511863	14897.70235053408	14266.980000241063	29473.119546558726
FUCCAT-PWY	21408.865288432036	4532.418121147189	10198.590854808854	23748.164613935962	16388.461873485405	21052.95286181232	82682.17875991094	14691.495774185047	13371.728580708754	28086.118246397346
GALACTARDEG-PWY	13314.390406714907	2768.822451397363	12051.342013514475	11290.478717511083	9141.078537783653	11163.37004101138	35075.35938896066	13004.832123306425	9189.97804990629	17234.683688318575
GALACTITOLCAT-PWY	1644.3285000837766	696.7552836346374	540.4622633576662	572.5982856982541	1833.865100075358	225.35444219886932	13219.788378650313	3099.865479217234	2583.8252924201356	8664.894511849083
GALLATE-DEGRADATION-I-PWY	0.0	5.80166896216479	0.0	0.0	147.5087787656092	0.0	0.0	0.0	37.91227125941873	0.0
GALLATE-DEGRADATION-II-PWY	0.5794781365727691	5.80166896216479	0.0	0.0	5.947892585329421	0.0	0.0	69.82915009206876	48.700257916579446	2.775082141316252
GLCMANNANAUT-PWY	25005.935396518642	6664.12957266877	15756.217303690133	12975.941605537299	8121.577773282142	12282.050755503797	107239.27968430221	17651.10129308666	16790.404903119055	35930.16850938643
GLUCARDEG-PWY	2209.913086068522	775.1078379264237	562.7517106919956	426.0802102387547	4377.3328533400045	1126.3308792128155	6805.711148627373	7220.182942857465	2980.200256629386	7955.103540671119
GLUCARGALACTSUPER-PWY	13314.390406714907	2768.822451397363	12051.342013514475	11290.478717511083	9141.078537783653	11163.37004101138	35075.35938896066	13004.832123306425	9189.97804990629	17234.683688318575
GLUCONEO-PWY	86109.28446596165	18414.62001443735	104453.94393309437	76044.91079515142	55521.80010432146	83119.49517491182	458975.66887820984	72094.28147386215	45540.54505239082	94525.90868502788
GLUCOSE1PMETAB-PWY	94027.16	24999.77	97722.84	79703.81	50644.49999999999	89122.56	468620.4199999999	61782.24	50616.64	107405.94
GLUDEG-I-PWY	10910.597819566165	2074.715832712136	4047.715042145456	9891.273082334434	5318.246493640663	6235.864427923227	22448.86578977511	8341.00618262847	7387.365343894993	10174.43668350795
GLUTORN-PWY	60419.56373257949	14483.955541348274	81842.26225861955	56897.17490181106	38185.05256541075	50987.226980760315	281929.81001435296	43446.88857283237	36254.74643878187	80445.4298448843
GLYCOCAT-PWY	1607.0561355540626	687.4090244830351	3579.5339506326955	765.4427564939049	7540.124166790177	223.4012453556427	14745.508136967384	9143.984690692238	2488.9001065975935	7613.241236792513
GLYCOGENSYNTH-PWY	95130.2231309555	25332.262666552277	99240.80894191356	73696.70053828231	47132.5735194556	77602.62625933738	413951.9183329178	56660.568665441126	51520.86143036666	109627.28598099166
GLYCOL-GLYOXDEG-PWY	1499.5467447986462	651.4375918725151	440.37877815021386	206.0288660840967	4759.637402471626	73.97040007790103	5467.61889759161	5129.538579019388	1885.8261587866207	3280.233943821454
GLYCOLYSIS	83443.07486475077	19104.692595263714	87278.6455738191	72044.42890810652	54349.86119724101	73264.70829631347	424270.8740801951	65567.5871234752	45399.82745895552	94348.8339466898
GLYCOLYSIS-E-D	2446.7286798128794	1165.8964340337286	888.0051359888001	374.3710237658479	11440.77445602099	75.11554090662679	10746.730416386885	11384.69360628084	4025.5453101391195	10255.225115823554
GLYOXYLATE-BYPASS	1155.4097917166375	367.6798006796207	227.11659740756684	91.40120319501241	4827.985569765558	62.682576226664835	3694.082164328985	3932.5932408994604	1284.7055519176097	2564.268821987111
GOLPDLCAT-PWY	535.7273123689924	78.70090523582927	118.80546867924727	108.32718879237365	1148.4243873520384	733.1351985954083	2165.9272816017406	458.6143532891984	622.5037954559285	1227.2507886002343
HCAMHPDEG-PWY	1.783258358662614	0.0	0.0	0.0	0.0	0.0	3.718487394957983	5.936	39.41747572815534	1.7159999999999997
HEME-BIOSYNTHESIS-II	1370.2393769231073	314.1011876697574	633.054990013393	212.16794047611964	3510.1250943533637	1930.840906405623	11194.48482845735	3270.140687873131	1244.5435354451708	3046.1224257812837
HEME-BIOSYNTHESIS-II-1	2599.2441372867197	461.1683114345283	1578.9030257860632	449.1026524458357	3453.0338814765496	364.40632404131924	4312.793091683186	3614.489855124225	2015.0234304945452	6113.502845373248
HEMESYN2-PWY	2599.2441372867197	461.1683114345283	1578.9030257860632	449.1026524458357	3340.3362470079014	364.40632404131924	4312.793091683186	3614.489855124225	2015.0234304945452	6113.502845373248
HEXITOLDEGSUPER-PWY	5083.410951646372	2059.2360977909675	1581.6161239552493	1259.5891407555378	5324.150243866125	645.1092501405489	23596.53839231792	8991.217474455849	5108.378342239459	13250.891508542554
HISDEG-PWY	30997.256767615894	4447.4467397009585	3959.2750299989043	13143.451972115538	26862.61049116874	18971.094690275408	72697.18704120482	18668.845056285536	17771.408211254424	36674.54535163285
HISTSYN-PWY	67841.79091207398	14457.101827997949	92510.26495275529	63662.69829520541	44927.89697715609	68347.2713188589	306944.06560963456	45838.77518713417	38929.311829863625	83800.51286450555
HOMOSER-METSYN-PWY	16000.755361870397	3775.397518925253	9339.01233703367	20004.727469738813	9215.649395526763	6057.014503726373	67745.56295991139	10949.472528472936	5764.06481038357	13763.760631685687
HSERMETANA-PWY	39151.882551264775	5325.020222014205	84122.98625323776	41533.827659053924	38349.27058022323	45718.83009227336	203951.73333225894	31264.909346489465	23508.465202147487	43647.46573533996
ILEUSYN-PWY	84527.10125330745	18608.254022867117	112809.54157695714	77402.39212305503	50348.34367211804	79231.95564610777	360237.5050094908	61613.949208986916	49026.850231789445	98794.2319855762
KDO-NAGLIPASYN-PWY	4548.681701193203	1769.9484195985874	8888.148923816103	1935.7710680303503	8264.918188214642	1306.3290741008352	20142.414908694707	14977.14954823058	4724.325610672417	11669.297593295269
KETOGLUCONMET-PWY	77.46148521739747	5.9850431256543635	161.3382427915935	146.61701954911638	4.85833963187286	22.75298978013559	3072.501989182582	337.7559193494241	275.4318513108489	412.0571166956065
LACTOSECAT-PWY	738.5456618115306	359.4123459016104	375.20156960933633	409.02468891499376	82.73283801431559	137.37354169939275	12666.241401729774	1185.3674782197945	2625.560079408934	8618.108715211078
LIPA-CORESYN-PWY	582.291788797146	274.47336887214	178.32315383426945	57.38161559888579	1484.249372102316	13.222857142857142	1814.8005825550363	2506.1801568989263	578.5475751566813	245.6091152858227
LIPASYN-PWY	3864.32	810.66	1026.0	1890.2500000000002	7336.21	3494.92	15647.740000000002	10490.11	1211.42	2048.25
LPSSYN-PWY	2048.685070737669	886.0254304880738	768.9077451311925	243.28493965535768	4688.7738877027	58.29638456980658	6841.160059400474	7936.701031874967	2020.268975962005	1051.5581952138657
MET-SAM-PWY	25329.935560818303	5478.504524522005	17019.92721427379	29649.136444979173	15532.767101614318	11075.032798060893	112993.98344208249	18040.53775030043	9845.896864276103	22836.974100321066
METH-ACETATE-PWY	8284.443244273181	2509.74251745638	1008.7707022013064	1031.9779716275998	4466.403595611818	217.63265869229122	3626.1034460912933	814.3888203839607	388.6289658183374	1446.5116370803162
METHANOGENESIS-PWY	0.0	0.0	0.0	0.0	35.396519659135514	0.0	0.0	0.0	0.0	0.0
METHGLYUT-PWY	885.6074625900823	403.3059151131991	323.7045617884847	127.3194850710325	2807.753922517597	28.77689240579518	3843.54260092242	3892.972668469298	1461.6083647412531	3512.234364209706
METHYLGALLATE-DEGRADATION-PWY	0.0	0.0	0.0	0.0	7.319086109318679	0.0	0.0	0.0	0.0	0.0
METSYN-PWY	24824.42144626314	5823.61601565848	15424.770492297861	29760.753679758036	14481.932028840807	10116.333461647953	108328.04522210956	17381.277382201402	9288.791003345692	21925.88273260112
NAD-BIOSYNTHESIS-II	646.0759143713071	319.2123546957408	1866.7778460541467	242.988361808266	2136.4791428995995	112.52942546607449	2931.8641572235792	3990.087105991175	1130.2139564382142	2998.070382302444
NADSYN-PWY	0.0	0.0	0.0	0.0	0.0	0.0	0.0	2.999620175121547	0.0	0.0
NAGLIPASYN-PWY	38392.71269350914	4566.4236724849525	77054.21404197518	41158.03021249658	34949.09869577437	46367.163479680166	246913.30625572693	46170.09619947678	19130.759915076535	39107.102905168904
NONMEVIPP-PWY	82245.93749638021	18601.670424605927	117865.10579121891	76697.94302611158	51095.55354257227	86325.15981892748	456645.68500493054	67333.85185717288	44079.65641167494	90529.4728672126
NONOXIPENT-PWY	109142.33093572548	24900.27253851494	111951.15769588214	88214.87252600469	61652.43298155272	107999.51784324928	664649.1480592149	86961.05536940247	55961.72142732273	122572.9384797279
OANTIGEN-PWY	62284.20199693199	14256.028621002377	59810.156038663474	52713.754546054646	28844.03176549145	53804.02218225273	283630.1408201134	45561.18683127566	34089.769305229434	78283.05868875074
ORNARGDEG-PWY	3.5676777749298543	0.0	0.0	0.0	0.0	0.0	0.0	0.0	170.5287063435435	6.665590105616894
ORNDEG-PWY	1052.3566958655954	450.4890909180847	507.66347806028483	115.82030233319317	2948.1899033866157	40.725385006210175	4929.432402129931	4244.301958943542	1469.5020816716356	4377.178590738873
P101-PWY	425.1294944392404	222.79464820210427	146.8181757292665	83.73515692659325	306.1992350857995	62.23538045233726	1221.826834501997	85.53064096337171	45.24465915852715	38.211758774489404
P105-PWY	0.0	4.647879551926319	122.22722407951439	70.65396336073708	158.94352233498788	68.21783467005622	3684.250135370289	356.81249947749717	103.95778734877193	325.3443067012753
P108-PWY	314.09089035778743	101.60651058371408	493.83752117180546	261.50442355453606	265.4738622849511	1060.2452688283518	7265.917332498528	361.1163434528557	1155.7935823001394	3317.7216987094057
P125-PWY	827.1620637574686	86.23778294204787	148.64771278300054	160.05679878903996	3008.878577866252	280.11194860249657	3865.142760428315	1082.9330565631603	560.3577339238519	898.3685518058984
P163-PWY	5852.476623795707	2314.2048678994256	439.8888303666569	1540.5154166348968	3023.192997999147	1636.3489244665166	3455.4159765894033	2395.2744609747165	580.6485200703918	2020.0654202852788
P164-PWY	29292.1605271696	5240.084672090849	9299.696220305175	21189.064700486768	21038.0049447914	21944.90506996499	60040.41690324818	20089.254471379423	13104.114734780096	30317.321344620545
P184-PWY	0.0	0.0	0.0	0.0	6.207931049655669	0.0	0.0	0.0	0.0	0.0
P185-PWY	14313.064685841497	858.714865794218	1352.486373670082	5167.448139575597	3494.228370629089	3232.728473832559	20406.633402684176	7997.106139204486	1725.563484006741	16026.129897410801
P221-PWY	19794.082309012745	5883.269319950332	10370.808688003419	16024.644505593418	10534.700869931436	8135.795292077869	22766.272810119644	10803.07597977358	7242.4799721666295	12108.28383449528
P23-PWY	7357.259790108066	2400.8926292929723	6889.894055077013	4149.278182633763	20053.441792596426	9105.677113682468	57014.27410648021	19439.616067121173	12085.912940608758	36473.92206863809
P261-PWY	0.0	0.0	0.0	0.0	66.51150456410274	0.0	0.0	0.0	0.0	0.0
P341-PWY	0.0	0.0	0.0	0.0	22.495000396011065	0.0	69.99434791959803	154.20034002729741	23.11916915971736	2137.073165620899
P381-PWY	17.318893383892018	0.0	0.0	43.2380389317804	2797.6737748834207	0.0	568.7666652287302	12.99483494314256	98.8105123585936	0.0
P4-PWY	30540.14252274353	6744.538750996996	16065.653217808214	25395.999376596737	21047.96258673827	15945.716229650954	161436.26855877065	26743.07783065929	15791.21342924549	36218.45682701907
P42-PWY	88226.17347829007	12661.513917501905	102853.74678147417	77018.31252070349	68129.71710349544	79942.70503993453	300409.6236964943	76716.84966027479	48718.51362773425	96769.04753639604
P441-PWY	4017.68602992608	1645.9701916451456	7267.042506131945	1504.4098992592733	7931.193175217269	632.2957818971495	15429.036881789409	14466.46330473197	5003.403425245999	12666.909460074641
P461-PWY	9881.858306957505	4145.571435233086	1837.7975379523161	997.6025819262409	9585.288183407303	606.3092530698304	16540.69602646272	16946.06467459595	4034.071683454596	8988.358770867791
P562-PWY	2122.3540622678597	514.5237574906464	1323.9819023071013	349.9213832762962	439.11947116311666	909.9143745426044	24350.167398290392	911.1521546031823	740.8587208650589	1813.7514637476336
PANTO-PWY	50077.0022829319	7795.62991058222	78444.42533042931	56319.56320259705	39222.977607654866	44149.10471793789	182040.1271358345	43006.25642916677	25768.242163561517	53356.74889374792
PANTOSYN-PWY	54920.62812523659	9542.424086271443	86233.5193603423	58077.21167473359	40455.80093715334	52607.08102020313	251015.3161260291	50356.25721896223	29061.364482585326	59549.91964537911
PENTOSE-P-PWY	51603.889873528664	8317.617232206376	10035.153808816382	25704.25750595773	42510.736951430685	37261.731534904815	124582.33084534155	35240.90492924768	23197.414706122698	49209.247919435074
PEPTIDOGLYCANSYN-PWY	88642.07938108219	18979.18377299721	104466.16368120529	75352.6597331515	54871.296512845285	87633.05434936099	539378.5811845853	76190.11277667742	45936.87621421393	97046.0397561887
PHOSLIPSYN-PWY	83998.96608262348	19148.651480372948	86841.28833477195	62988.605215094285	49253.91099593255	69750.24464475253	430629.9957252643	67214.15540018884	44499.29993584247	92432.99406410755
POLYAMINSYN3-PWY	8740.09806439267	1512.7381986023581	2451.6584831316522	4434.938998007538	6695.255561934692	5501.859573675499	30318.14326964304	8742.6007280783	4711.898399061364	13935.659598610477
POLYAMSYN-PWY	13174.75054190637	2469.1295126877635	6876.539809990971	6460.323812321317	8241.513786084704	15139.622800972045	113808.40715595247	13670.712248349078	7948.422724524603	16820.403711135037
POLYISOPRENSYN-PWY	62100.31783690891	9980.529872723235	102130.43728355426	62461.67198780825	48532.98955754602	64091.83910894068	243599.85066403728	58576.608136048766	34452.749930805956	69035.86204354
PPGPPMET-PWY	50085.32122494102	7249.1663798434365	88825.68214264052	52997.60460582882	41082.63566664646	52341.04854215273	188373.0673332829	51907.39372310488	26183.635761348716	55528.76470777932
PROTOCATECHUATE-ORTHO-CLEAVAGE-PWY	1880.461604741696	160.33311852893098	85.79849289203179	19.940371765073433	3000.7888844219437	107.27311970358599	1736.4438399942505	154.15504675714794	1494.4751577784448	6605.035858397558
PWY-1042	123769.46839613622	27866.904679538096	130759.31594429397	103705.93286731622	75756.36272863747	117090.51406175953	619052.1751102456	99344.595102949	67733.64292378223	139375.67259997295
PWY-1269	38519.73553309709	5471.140882931854	72653.919130156	39563.147598608135	33629.16186800129	44258.21575550361	249373.74564071101	45665.43646456746	20594.886007485067	43745.85840174699
PWY-1361	0.0	0.0	0.0	0.0	230.459665295721	0.0	0.0	0.0	0.0	0.0
PWY-1422	0.0	0.0	0.0	0.0	0.0	0.0	0.0	2.82611261952544	0.0	0.0
PWY-1501	1.15525847502849	0.0	0.0	0.0	17.543335442981558	0.0	36.957176224799596	16.309235220225997	31.43646375574959	5.623575478011693
PWY-1541	424.35269524279465	155.71055462074017	0.0	0.0	259.7179177949414	0.0	0.0	0.0	0.0	0.0
PWY-1622	15776.099643073932	1838.201797704863	2380.949864071888	8451.214284915824	9152.341376463199	2947.4083875284387	17428.856455753714	4482.65468861085	3299.9992767067424	16274.101749141131
PWY-181	4778.925960466949	1337.8911602483254	1510.7819913874014	772.7606588085278	8227.995557194961	177.03327579593295	11506.815611283637	5306.073243498252	3429.1546341338785	13276.8918600267
PWY-1861	1659.2343923357466	845.7784146755989	772.5446157113457	844.8192924830472	8708.704785484959	401.2321037494355	9144.836590796422	8968.49527902091	2439.1773370913165	7341.779722685084
PWY-241	2767.3190449582107	986.0583046384255	3571.7016489422804	1643.9539475477711	9214.403954695383	4739.624587233599	64596.9163032333	9617.150789218429	5539.329304838357	17293.50192264449
PWY-2941	5083.386016125627	1367.35159096408	5159.8305281792345	12386.222630160726	5688.221282974138	10582.451977847275	109752.9124241126	8787.045988225515	5893.303113567906	12715.734708456832
PWY-2942	84569.86741696042	18746.447846779967	107021.41549665047	78987.50740001924	57172.34944531939	89752.76137345914	510437.80221058626	74446.12484556549	47372.008498981646	96840.4041504315
PWY-3001	84329.8810577057	18528.340925968907	112242.60260423168	78354.06900203119	52642.97607725436	80887.24559058475	372827.65331863565	62972.17929492812	46827.244324184285	96494.69380267033
PWY-3481	306.57531705076843	0.0	273.35998362111707	0.0	0.0	0.0	0.0	0.0	0.0	167.0645923489977
PWY-3841	75297.67709521875	16033.355580949083	96627.72384371188	67256.39991762511	47030.83586156944	75715.08996046566	442891.6778413165	63163.400807338665	39894.05705606823	82835.24029980606
PWY-4321	0.0	0.0	0.0	0.0	0.0	0.0	0.0	0.0	23.702612673447444	0.0
PWY-4702	41.64113080415995	0.0	37.09997824983687	106.87962962962963	134.25027721877697	52.26474112379391	253.94205678450774	26.85435380238468	0.0	0.0
PWY-4984	20321.794031937083	1936.4668080147947	2314.0316483145593	6467.8862601864475	8986.99735059547	5278.344897393398	27287.07813380214	9582.8644665012	5268.675114470196	19947.520545952477
PWY-5005	9030.635156869708	1686.6888463937346	5954.148734007444	8412.786960158583	1500.9279833314035	32550.084114561345	261662.3856232435	32856.2171229391	3513.904374435163	12216.000228928706
PWY-5022	6141.9638819298125	1126.2108210998088	7921.812554148198	6298.705815081839	2480.8536246012395	3372.523671124028	11554.348887187489	2967.847617683091	3798.4230289746224	4903.911673872762
PWY-5028	6433.68991845308	108.4307613188414	0.0	12.4930244901908	3175.5265460562955	0.0	34.98994973156214	1227.528797769203	289.75211271389657	2271.5988403075007
PWY-5030	33882.42227961673	5005.69680926747	4817.723158359076	15086.025395266986	27966.657378289725	21661.91448144828	84488.02605980473	21083.852617309152	19028.8943604258	38641.18357560916
PWY-5055	0.0	0.0	0.0	0.0	0.0	0.0	0.0	19.451080049058906	0.0	30.140174371539665
PWY-5097	86739.16268532455	19104.822024204972	112374.14486486938	83484.22955722822	57443.29684889661	92167.53888640153	509765.50929715484	75046.72833193821	48197.45380436585	98313.44917569227
PWY-5100	48687.47947165864	12645.388155900688	38142.501641436116	49111.41551305464	19707.661163577603	57219.10767064004	352216.2243064839	41175.747241427845	25955.35866613792	57503.06650378645
PWY-5101	49685.60395148423	6284.6739108317815	95110.66661600673	58175.91205137702	39962.96205158641	53891.38208562732	127205.58727895888	38544.632430539226	27441.835775189673	54013.38754730808
PWY-5103	77254.53617265976	16895.382762007805	107909.69521105678	73177.2268463236	47505.60066650824	75028.32596037393	326927.92457589775	54859.79883050129	45666.34882185154	92058.66497272847
PWY-5104	1077.8279608121268	326.2680875963577	198.5262802134869	98.7308361917883	977.5219218333524	32.4421516138774	1934.2202931924064	811.0814668633076	913.8571825284564	394.10887597980775
PWY-5121	79792.34928789765	17899.539792923824	108873.96664482696	72966.30675188925	49793.54782971115	82845.79732395429	445015.84590128553	66319.54396185883	42790.12746425921	87972.9483089251
PWY-5130	40168.206740362766	5282.8043184599355	6179.575886212154	51054.075462640285	40109.22323702969	45247.14826308588	175633.60121279347	44280.81455300538	23217.396070894665	44217.12272953654
PWY-5136	1317.0857784885204	537.151535995131	408.1486367502151	241.9381025116969	8014.618713956944	117.58355351981137	5554.85291553424	5808.563480724518	2082.243530437944	5395.361452372191
PWY-5138	1029.7356292090276	498.004227614234	377.47667530154746	154.02692697454137	5686.348643089557	37.93851737310909	4462.28683327146	5330.310989769562	1821.320282625787	4487.152775160218
PWY-5154	47859.4718230598	6722.977456240516	85041.63336577936	51627.64467503335	38318.992922294114	50351.402888357	170572.23436185278	46160.33681140289	27090.26983327848	56691.62077642554
PWY-5178	1.2213772826746983	0.0	0.0	0.0	29.67576400354361	0.0	45.70362732389377	0.0	0.0	0.0
PWY-5179	0.0	0.0	0.0	0.0	0.0	0.0	0.0	180.34928514948155	76.30961209432819	0.0
PWY-5180	818.7892730062724	211.7363276382835	505.0781079331247	845.9271573074033	2093.0471662277378	3278.9379740100458	38781.94998650822	1999.4192052328033	2208.55936821525	4765.089484016357
PWY-5181	10.776976631153042	0.0	0.0	0.0	91.30404235746529	2.2904509359567617	61.99281345204841	26.303407252646927	12.474898417288038	3.473864060821782
PWY-5182	9.282403841045815	0.0	0.0	0.0	54.680444897465	22.008143122065704	77.69028682484786	0.0	0.0	0.0
PWY-5188	22656.641195792294	4801.904276210312	56173.84097073224	23759.17137870188	12083.933716453812	28628.578561768914	239335.7087880057	26567.195626409495	14817.658916019443	23361.55715352647
PWY-5189	20199.48415554121	4232.599607927443	24886.95462102616	22092.289262101825	9833.624873075081	23395.37028059076	200535.9035288929	24069.57571026716	13746.225688748505	21058.323777010846
PWY-5196	0.0	0.0	0.0	0.0	33.31507607116498	0.0	0.0	0.0	0.0	0.0
PWY-5209	1.9438622195664579	0.0	0.0	0.0	39.123115270441744	0.0	4.7252008210348935	0.0	0.0	0.0
PWY-5265	17523.711749039194	7043.935980219662	8864.731010152607	6957.974757200061	19266.96655537921	18577.888504154158	289067.81937169813	24738.33577780979	13955.427063303878	31177.14250255489
PWY-5345	14642.830398935845	4154.580638370371	10779.39570984383	5429.455804519522	25554.83571797902	8655.76901453193	36710.99592160037	19586.085002473206	16110.909178011363	26667.714919918642
PWY-5347	27479.694442386095	6409.1229252961475	17395.604514956194	32677.443485374562	16108.477126397203	11357.897190687425	116903.91598098801	19234.484793050728	10352.873788581885	24372.666491111046
PWY-5367	0.0	0.0	0.0	0.0	115.8860938644768	39.99067602399129	151.9753199832212	2.9999454634296474	0.0	0.0
PWY-5384	98119.70668288216	18736.41700566281	129589.48570499776	73024.88517714172	63728.95836327739	83158.92092301356	355058.759658114	70296.33944044658	49535.8533257248	101596.50751801931
PWY-5392	319.6140839962688	79.5965146345523	323.1971400553074	284.3962832329678	90.56169046180177	523.8410809260857	291.1589213358472	447.4819944944226	1046.1378543353253	2401.764334178885
PWY-5415	44.70443844064364	21.10551635902454	106.97656594750002	194.7996797085681	1450.3491121626075	78.7379052302678	123.53922441079456	257.75143221427066	159.85385893557856	3.573836095463452
PWY-5417	10.229851133523107	0.0	0.0	18.82476991015438	2422.5985733812017	0.0	17.924797257686524	157.8204329268742	144.76739691069474	0.0
PWY-5419	642.866276056244	154.68573550807193	210.78616896816945	423.3781305885058	1767.7170478312735	743.990651782419	3254.50615161122	868.4678929688725	771.9778191539334	571.033090661333
PWY-5420	68.28510569673892	28.659717953746416	128.61797741417374	237.78120964094268	1636.0445160235683	106.1221758133061	170.4277022356049	328.4148823117734	208.43732877775267	4.991391246232973
PWY-5430	24.2138510003824	0.0	0.0	19.27879658676226	1567.55913938433	29.830177825969905	113.75203657497332	16.921073656995183	116.71182552587086	0.0
PWY-5431	10.229851133523107	0.0	0.0	18.82476991015438	2422.5985733812017	0.0	17.924797257686524	157.8204329268742	144.76739691069474	0.0
PWY-5484	73988.50552993473	17934.50657907345	70967.23397299428	64094.58108909795	51592.33471561967	62635.59967325265	401446.24848692946	58280.82066637762	41553.06641945228	87483.08719148529
PWY-5494	344.99524729809315	119.2839937013236	206.60556145944028	675.2086180945948	7.989681480191666	1105.8595554298042	643.9169644624861	1253.4116294254309	323.179071144849	1116.148836400112
PWY-5497	30290.21569902295	5378.3205526388465	7679.206145359285	16582.046003810232	24451.323004116857	16508.43706568361	58688.90429934966	21539.43836397018	11604.572373808984	24696.973224203502
PWY-5505	72410.9855078284	17795.79429816794	60503.0480167745	61911.008654048164	27329.25815889026	70381.77156410052	276104.19854570256	49588.62054248177	35577.224816068054	72972.8133143087
PWY-5507	122.1966301047535	0.0	0.0	0.0	2007.2221051772376	0.0	2078.6436813397668	84.52988183721035	390.46976071091643	0.0
PWY-5517	0.0	3.333333333333334	0.0	0.0	0.0	0.0	11.09154929577465	0.0	0.0	0.0
PWY-5531	0.0	0.0	0.0	0.0	0.0	0.0	172.50406939208955	13.47122644560618	17.852069162945924	20.92912403943346
PWY-561	0.0	0.0	0.0	0.0	21.959538662484388	0.0	0.0	0.0	0.0	0.0
PWY-5647	0.0	0.0	0.0	0.0	184.57315327106397	0.0	0.0	2.1857297114819905	0.0	0.0
PWY-5651	0.0	0.0	0.0	0.0	0.0	0.0	0.0	1.8747988321176239	0.0	0.0
PWY-5652	0.0	0.0	0.0	0.0	147.3728538613919	0.0	0.0	1.998150442968909	0.0	0.0
PWY-5654	0.0	0.0	0.0	0.0	361.03466977048487	13.22819744519792	51.53541863790964	2.4677665148546946	39.48286120322122	0.0
PWY-5655	0.0	0.0	0.0	0.0	0.0	0.0	0.0	2.7924553712362132	0.0	0.0
PWY-5659	72184.9764469433	16733.176151470223	117647.4819797772	72570.23695509766	50532.257180665234	80333.30575957097	371551.2105312761	56873.29713537589	43105.5187835406	84873.84011840577
PWY-5667	92528.18198839216	20981.21200203507	99779.23595677681	72695.68567119015	52832.92488468839	85743.497804741	541574.2201724336	76234.11685079575	50924.22798029864	106163.58833773635
PWY-5675	0.0	0.0	0.0	0.0	0.0	0.0	83.99723670228474	91.47605557115196	0.0	0.0
PWY-5677	1543.6803125836066	303.56011542030325	1468.812019221104	4026.1106079614215	1137.315395154125	1411.7386284670768	6474.030980580195	2016.5992445368781	642.5365140258708	1517.3882670363785
PWY-5686	92312.8875265219	20760.571786489738	122321.5372936638	86037.99360687431	58570.95348175261	95631.58443871705	544969.9379664947	81033.57137292987	52712.85716611491	105327.52643644279
PWY-5692	1134.8018413386008	383.9383388556677	273.82590291153684	273.20929369991	3095.0363856412155	359.81244765767485	5516.931508339407	2972.278697521232	915.4817660190341	767.1188114571714
PWY-5695	89520.44857255953	18865.415846765136	113981.51455249263	76299.22689801009	59977.0841738212	84420.36914245631	422200.2616092817	78103.734733386	49240.94876963113	100901.91199362864
PWY-5705	1134.8018413386008	383.9383388556677	273.82590291153684	273.20929369991	3095.0363856412155	359.81244765767485	5516.931508339407	2972.278697521232	915.4817660190341	767.1188114571714
PWY-5723	5746.688276875951	1753.4899540173712	1845.7717842154614	6226.831283980951	8247.446849929278	29711.53412087803	314635.7092012953	29661.777593214316	4611.197768684709	12165.50856567516
PWY-5733	0.0	0.0	0.0	0.0	21.0	10.0	38.0	0.0	0.0	0.0
PWY-5742	2.3278271918678524	0.0	0.0	5.7142857142857135	1271.218212885008	0.0	0.0	0.0	0.0	0.0
PWY-5747	510.75553694147817	238.78280803942866	170.58367650696476	77.9277222160217	3066.6903462547234	17.903328198296006	2018.7374502179646	2720.540091614558	565.9113285413076	235.08499947667698
PWY-5837	9038.10201420857	1888.4074806941767	5022.0760306359	3305.6966524273143	12519.390210164594	6806.666445418324	25543.30558141185	13889.061133517906	3926.0033975836473	5228.936148271113
PWY-5838	19430.901449132438	3104.2181780511864	14622.422131279187	9394.509536314383	23838.576930818363	15866.170506081877	54296.433148361684	24097.554966985197	9039.030337529584	13523.547827329827
PWY-5840	19657.5275574041	3182.9916614286167	14434.72435907468	9353.926898315805	23200.62718222549	15903.698209468292	55158.307711188085	23845.980063184856	9096.54606559723	13583.066613161665
PWY-5845	7582.136364645894	2332.2363764816164	9383.15148059129	3260.1667243730703	19177.84998985326	6177.362280982128	29413.03842527417	18698.002287894422	7385.531538969027	10267.870020641214
PWY-5850	7582.136364645894	2332.2363764816164	9383.15148059129	3260.1667243730703	19177.84998985326	6177.362280982128	29413.03842527417	18698.002287894422	7385.531538969027	10267.870020641214
PWY-5855	7387.729691063443	1576.7855127945897	784.4849765856529	2156.6977286393017	11144.292818651049	2638.3606946798077	25717.607152697085	11374.984300760252	8729.788442255867	18514.40609191739
PWY-5860	5495.014472016915	1929.1224909736288	6558.5693399050615	2240.341887551358	15785.33851411259	4396.001688674668	21865.443186716097	15329.314003144696	5696.649868305602	7591.835969599437
PWY-5861	16300.890359589997	2789.9890053408776	10504.923481610136	6852.647328755261	20808.228761116006	12626.561688933849	44717.521708827015	21159.992279883136	7226.009386739478	10357.187348321802
PWY-5862	5495.014472016915	1929.1224909736288	6558.5693399050615	2240.341887551358	15785.33851411259	4396.001688674668	21865.443186716097	15329.314003144696	5696.649868305602	7591.835969599437
PWY-5896	7582.136364645894	2332.2363764816164	9383.15148059129	3260.1667243730703	19177.84998985326	6177.362280982128	29413.03842527417	18698.002287894422	7385.531538969027	10267.870020641214
PWY-5897	18281.67725059949	2997.020532577906	13143.955363589012	8483.061688450167	22755.34895535096	14738.375110324332	51062.101734417614	23142.91239364619	8409.214153909019	12390.523141450816
PWY-5898	18281.67725059949	2997.020532577906	13143.955363589012	8483.061688450167	22755.34895535096	14738.375110324332	51062.101734417614	23142.91239364619	8409.214153909019	12390.523141450816
PWY-5899	18281.67725059949	2997.020532577906	13143.955363589012	8483.061688450167	22755.34895535096	14738.375110324332	51062.101734417614	23142.91239364619	8409.214153909019	12390.523141450816
PWY-5910	0.0	14.31109403595926	0.0	0.0	410.00366592751374	0.0	0.0	0.0	0.0	0.0
PWY-5913	1169.5054333314959	499.1491997520641	663.7961257672182	392.62547402854307	6337.610893403451	168.2432932176109	9640.460894433752	5523.300672887365	2240.413016611679	6689.364747010615
PWY-5918	3140.671486629155	715.0538961892702	1546.080828096696	523.3996472445922	6079.7979793825725	4382.5580061320115	26151.412792345876	6897.715948766865	2763.0314775119055	6368.286846083574
PWY-5920	1154.8425138205978	339.8927381910057	451.77811254514853	178.18589447712216	4379.905694811322	45.87751431125324	5828.507727446204	3404.6061700060677	165.6433427437738	228.08266396641528
PWY-5973	86222.9456625323	16738.69780468636	118341.27213355266	90119.08637612774	53240.97267889856	79460.1048636542	433858.08203189995	77096.72439350518	54085.49128906014	110983.20118998791
PWY-5989	66803.00708972653	9225.888244538197	144187.95890738541	46823.36666463839	39368.573219295096	55020.9208863725	75746.07689414329	31851.21941056113	48371.62556969922	109412.0013099342
PWY-6060	617.6832247977911	121.68603202259516	0.0	0.0	5.940147970395689	0.0	0.0	22.764899423418342	399.2513909108086	755.1208840608642
PWY-6071	0.8746690292463261	0.0	0.0	0.0	18.414028097609535	0.0	1.3194773865398493	5.577594131974602	72.55040058767726	3.491189817418018
PWY-6084	25.163149855744756	3.724629910245949	0.0	6.588235294117647	1356.088740073224	0.0	18.641143016758686	0.0	0.0	0.0
PWY-6121	85095.4898148327	18402.88726493836	109956.94335264275	80140.00594472219	57161.612216527494	89406.88507773538	505754.8739371466	75102.54808152324	47658.374056101646	98176.91622843905
PWY-6122	83353.04850953614	18377.20208673366	113444.01442964985	78155.37773722986	54449.49803220879	88151.35276057	506597.7962004214	74049.26221117094	46183.28195018149	95307.7568957639
PWY-6123	80496.81131472535	17617.17521187755	112533.15341242397	79116.68097861536	52441.96642090366	88692.88066881167	502763.88403854694	70100.33814684337	45353.110761037904	93728.7622209098
PWY-6124	83585.19110981817	18147.767961837533	117421.97638907295	84729.8118702331	55017.50188269222	91499.38654441634	511800.98727528367	72185.45411978169	46699.495840258925	96587.92847341551
PWY-6125	42461.056351401734	7336.265466919094	20882.84792967066	50983.82231983347	29006.030601525534	49137.09363903737	324915.84637353616	49423.354579787905	22028.347331739824	52787.15707904608
PWY-6126	42067.0301185899	7326.237739313638	20892.415438100044	51332.47690890785	28467.083727561676	49439.548241504286	327802.57684959035	48951.13158783282	21891.226547709597	51941.29816779919
PWY-6141	0.0	0.0	0.0	0.0	27.43095613561242	0.0	0.0	0.0	0.0	0.0
PWY-6143	0.0	0.0	0.0	0.0	2.6438492678393497	0.0	0.0	0.0	0.0	0.0
PWY-6147	48304.6668891967	7768.351621316927	91779.49563625689	50593.95798443441	38951.96359207817	73157.51747468396	416195.7374281419	54132.975757284206	28618.091255198007	60322.97655532908
PWY-6148	0.0	0.0	0.0	0.0	47.792155544382965	0.0	0.0	0.0	0.0	0.0
PWY-6151	59106.16878938196	14142.219608130545	92436.26226333508	62727.8851038949	35754.03458578458	65313.128691891674	306078.75321822637	39985.190637361804	30225.635520209144	63912.81377450545
PWY-6160	0.0	0.0	0.0	0.0	189.6627773183087	0.0	0.0	0.0	0.0	0.0
PWY-6163	80953.3704799489	18227.129877698888	100850.17506453328	69845.58558502511	50199.405808560354	72472.77566677376	365676.9980303901	60759.70302161814	43795.24206562339	89677.53838745107
PWY-6165	0.0	0.0	0.0	0.0	502.5784193951136	0.0	0.0	0.0	0.0	0.0
PWY-6167	0.0	0.0	0.0	0.0	76.8126390943116	0.0	0.0	0.0	0.0	0.0
PWY-6168	54406.78345622231	9157.583396012647	88340.10464845467	57416.888927755215	41136.4499325941	60464.16178995063	304124.61157692416	57857.981556199804	33418.65962781331	61884.75374596705
PWY-6182	7.281644534362077	0.0	0.0	11.313515373134353	1892.627718210719	0.0	18.40499888632161	39.89877893048666	125.77460063700617	0.0
PWY-6185	5.044847940793265	0.0	0.0	9.970335937903137	1743.8958174042332	0.0	6.991933769213613	29.684523138296104	117.41046268033335	0.0
PWY-6210	0.0	0.0	0.0	0.0	172.86626862043232	0.0	0.0	2.4677665148546946	0.0	0.0
PWY-622	65416.21488557966	16456.46948107628	59303.59015760355	45450.30777502732	29791.768528421027	41918.66691912634	231541.27104541587	41795.160405508475	34513.914841437836	75162.61482843696
PWY-6263	10582.358735635284	1912.8909556773488	397.82522745329084	5567.805361878256	11562.673520610771	5227.8319512101425	60273.797251718555	18589.976154235228	11645.006350401178	21563.712447918617
PWY-6269	49415.55595850719	11631.808917998118	18314.526099749546	42455.58345853665	29405.406661463217	44020.2693374696	289481.945732192	43441.190918904475	24865.617125962195	52105.186802815486
PWY-6270	14235.035553964093	5201.126579007319	22767.5181925557	5153.803918734721	20276.964906602705	14187.306627675944	192202.35908548508	29481.5545977135	18781.316523086625	53094.30984416459
PWY-6277	83353.04850953614	18377.20208673366	113444.01442964985	78155.37773722986	54449.49803220879	88151.35276057	506597.7962004214	74049.26221117094	46183.28195018149	95307.7568957639
PWY-6292	1232.9358054258346	679.5355807957947	631.9470238869782	781.317694696048	4609.704418254913	1222.0399550256498	6721.373823571449	2462.1599920024514	1264.4507080330266	6683.438354734727
PWY-6293	1302.4602863031985	525.7828636398905	353.1804433079085	585.5250029505445	4244.016875185981	649.2283725531493	6771.158479511423	1557.7127748435873	1242.6415870008118	5201.832853475943
PWY-6305	16786.935589741373	2061.9363904813426	7564.75865874771	5069.342080183371	8017.958360320762	15901.346470130722	130795.17048134952	23508.0874463543	6314.091432246133	20712.560270622253
PWY-6307	707.0378393260554	105.85528290303877	177.31062633683104	103.1796255007604	1711.7023562792251	8.998049650128904	1295.9408460997129	71.88059313700764	23.980572307443232	13.497528939876565
PWY-6313	209.99999999999997	66.0	69.72487984548354	77.72717611131789	2203.829503534975	33.0	1712.1360273288344	12.0	23.970870251244087	0.0
PWY-6317	95372.1698424969	19393.364404745174	117502.52745851937	86703.56608957823	62837.75327331222	87291.47229020837	405062.48124757357	71223.67830020239	54525.246077064825	108641.39995838543
PWY-6328	512.727683552439	255.0097674363881	180.4533339210188	71.35910317787261	1936.3112976172083	15.424047037702607	2157.895841411159	2730.2079372354174	590.0730523488438	248.95687993336506
PWY-6344	4001.848751476446	1705.0419678881399	10.308906531917472	48.61379265835671	282.5204518749191	149.02456587114605	3484.902128277307	930.0581510065675	173.95236193034572	428.4186460475118
PWY-6349	0.0	0.0	0.0	0.0	38.02782135005647	0.0	0.0	0.0	0.0	0.0
PWY-6350	0.0	0.0	0.0	0.0	47.19457626544204	0.0	0.0	0.0	0.0	0.0
PWY-6353	27816.997732193297	6945.6153598230685	16847.618190471778	18492.82979130925	19978.09580245261	16090.743687448936	65503.87310678061	24459.480757312544	11812.827995590826	25546.768206394816
PWY-6383	500.05399096746294	270.3444641327678	326.0990930132323	227.91495280733304	2397.788856245538	112.41213767614761	6203.959872661109	1569.759306793942	326.5437769820146	1588.8750295437346
PWY-6385	92276.7202646144	19508.83466491221	111261.05408560386	78763.28577764526	57845.56784123953	92063.71806937727	564277.5532674405	80038.50343268187	47612.727438267895	100922.00917638188
PWY-6386	89350.33354327394	18837.29518619833	103896.64827791942	75649.41261414706	55068.976528459854	90607.31614531463	563137.1806400437	78433.4768932888	46188.2088462736	97989.88850178086
PWY-6387	90917.23523103527	19360.87022717196	106047.3128312651	77274.56401015632	56372.38472215745	90253.68461393207	560000.6026992438	78799.12270000124	46881.102387206796	99452.75648404716
PWY-6396	1157.410362253109	181.745951824125	271.09258123304954	290.4599738784288	3482.9966451670502	611.5128468985258	8654.834947090407	2127.573912764428	999.6601231133434	1911.7477978370316
PWY-6397	0.0	0.0	0.0	0.0	26.9506075983966	0.0	0.0	0.0	0.0	0.0
PWY-6404	0.0	0.0	0.0	0.0	106.72151199295799	0.0	0.0	0.0	0.0	0.0
PWY-6421	0.0	0.0	0.0	0.0	39.13803634907125	0.0	101.42164000508228	0.0	4.425414364640885	0.0
PWY-6435	836.9227439818573	309.70314649855686	238.29374694472065	178.0351753407057	3711.228445315681	81.91117979105408	2535.4734951326022	3209.0723940918647	1034.6179038125847	2637.535563899612
PWY-6467	36262.45	4347.58	71692.33	37842.01	32660.790000000005	43302.77	240104.7	44404.89	18426.530000000002	38476.6
PWY-6470	39612.621150167324	13237.975435720224	15326.832929389664	24192.332985196554	17745.523335954767	67127.82998730976	394731.4358324694	25298.84108707646	24932.866313763447	61903.780817645405
PWY-6471	8057.221521429109	4022.544084260536	3327.228378807728	5979.514804355436	7617.014387855341	16148.189890096768	189382.16088275146	12727.555406636075	8628.19992952131	20141.768463982604
PWY-6478	7948.698662519242	2002.2159267084849	2886.8554823104546	3494.416643404356	7602.684672134984	7041.28982501343	37649.21267271295	8536.812644541613	4421.521305085191	10461.671734282296
PWY-6486	0.0	0.0	0.0	19.313836638357095	0.0	0.0	0.0	0.0	0.0	0.0
PWY-6501	0.0	0.0	0.0	45.30343604770815	183.75430564302945	0.0	11.199203148579503	1.9999124465924214	29.629922796049208	0.0
PWY-6527	58461.11517871198	15393.467042449718	51104.43336638711	47246.6384952839	28003.678751974523	53477.25254484281	318690.4802685802	38920.06088450087	35718.10971383437	78743.97070983193
PWY-6531	6091.318823264089	1301.0499289547095	57528.39735046906	1628.584277350169	10092.284214291465	10662.041932070319	9475.29530611752	6128.818320340348	13128.652101542855	20084.222514527013
PWY-6562	708.7292448753235	301.3417433772485	163.15037079566326	86.08326420983623	154.82355179573028	162.4493777792509	1189.1114594987218	282.14130620353734	387.366817313043	130.08226365084755
PWY-6565	222.02432894236216	0.0	0.0	0.0	0.0	162.50928639732223	35.651429510035754	82.97247163134296	11.879825682910605	130.1090082265555
PWY-6588	3.9993495204749046	0.0	0.0	9.989281097905442	2000.805449417014	0.0	51.948395551500575	2.999701534012631	9.99255205877222	0.0
PWY-6595	10693.521183340166	3680.8550456751764	2407.395965161378	1777.9878797471322	11522.387410529338	1752.6539395957548	24854.45906664273	11988.892434084164	3684.1345517229006	11913.413389294365
PWY-6606	26956.977869322494	9601.33156698194	12471.763408995437	15095.379827683948	23064.19188181744	11684.839855757795	40931.593808831814	24146.938905656974	8097.605295781385	17626.690810885244
PWY-6607	10722.576376469779	3772.670925632622	2347.7307019621376	1760.1602970530084	12048.74730921659	1731.544133729682	24557.79293356586	12175.203892308928	3642.211854715914	11595.574646283872
PWY-6608	26956.977869322494	9601.33156698194	12471.763408995437	15095.379827683948	23064.19188181744	11684.839855757795	40931.593808831814	24146.938905656974	8097.605295781385	17626.690810885244
PWY-6609	82202.14311419742	18782.009181836795	99128.93046809659	67995.15028782639	52206.61803831582	76079.79363204773	396968.9210722154	68389.91495390907	47318.94632802868	95141.61881265049
PWY-6612	55619.95410135063	9564.390459982511	91701.21552100717	53822.61684919606	41415.3170358835	65831.11282353006	337813.96867275785	54004.395036436545	31116.3983136334	64383.70744191661
PWY-6628	79145.52030567986	18194.677653305906	78704.32385755143	60528.4591515226	45775.93625081629	66689.35911474773	387533.02711124846	58284.32178773995	43471.113069676896	92247.50023833118
PWY-6630	78359.9191698064	18007.949284870818	78488.03240743511	60524.11441525319	45576.664752011035	66653.39539182784	387435.6634442841	58222.464361297185	43320.65125924433	91626.12551501313
PWY-6641	394.1232144290933	102.3113432686136	0.0	0.0	82.8648202145071	0.0	0.0	0.0	0.0	0.0
PWY-6654	0.0	0.0	0.0	0.0	39.97662398938038	0.0	0.0	0.0	0.0	0.0
PWY-6662	13.998169726035396	1.9997092424809646	0.0	9.999291688323252	2149.0652593906625	0.0	49.98986074564888	27.99037611246398	0.0	0.0
PWY-6672	3.428496655776356	0.0	0.0	8.571066840384919	1831.868799207475	0.0	0.0	0.0	31.711553828538985	0.0
PWY-6676	1.9995377983079274	0.0	0.0	0.0	70.52613426917631	0.0	4.999144435746909	0.0	7.118191441380517	0.0
PWY-6690	1.783258358662614	0.0	0.0	0.0	0.0	0.0	3.718487394957983	5.936	39.41747572815534	1.7159999999999997
PWY-6700	83074.06728863897	17495.63316142044	107564.64950542344	73714.79899968427	52030.28217835774	83947.65643769974	485563.90903181897	70941.40493253896	43637.57183503397	90407.27295649254
PWY-6703	39933.309958708734	6094.494871184005	60649.1301460777	46716.81223708298	35493.30798742708	53729.79912410382	303467.498061187	45240.9164274178	24473.1410032988	44253.574917509264
PWY-6731	73330.8720988727	22076.190341310223	55430.13196929615	56945.86317423591	24188.281065722953	58542.24658972754	326876.9357850712	39750.425270210035	45941.17749252083	99264.23822455632
PWY-6748	5.98076291162135	0.0	0.0	9.76331927091709	1630.2782720170205	0.0	4.997476715768164	0.0	3.980434750092832	0.0
PWY-6749	14241.47192209411	5868.782156848394	11150.941653484306	9446.685438719613	6693.207076838539	8366.427178119357	41334.38000407957	6341.417233167544	13903.448628387914	31737.519893192006
PWY-6803	7555.613810371222	1572.5041194276423	2044.396402962271	3736.088988638047	13873.412344115315	6846.050643886643	30588.96931191333	19492.268770143404	2388.216195975746	4046.0989275862908
PWY-6808	46.162223675066016	0.0	0.0	0.0	0.0	0.0	0.0	3.730723013916746	0.0	0.0
PWY-6823	19647.044849129652	4782.5670602415685	16562.61456120031	14818.020202921149	13120.905051792393	11614.200667343552	44819.5063898105	16135.803737015181	8656.36826306786	19235.71766311068
PWY-6837	0.0	0.0	0.0	0.0	7.9866783785921545	0.0	0.0	0.0	0.0	0.0
PWY-6859	4084.504156318754	1638.0412143972426	6615.046798435413	1355.178708424892	7185.958578568061	4035.2943396218866	70371.80126159002	10960.508054667564	6864.368504601225	23527.667616137252
PWY-6891	0.0	0.0	7878.754579351388	2761.275977541038	10188.46686460763	4122.17215173022	31120.84643559126	0.0	0.0	0.0
PWY-6895	30570.66771400469	5584.139650824518	30423.34269630356	11741.52937055333	28000.871196324897	16426.83459136999	110818.2200217806	34384.996344543324	19038.086348709556	39768.47611983473
PWY-6897	58796.22161614476	12170.683419603689	107782.31600218326	65095.593389012836	52284.323161041415	69213.27276580856	371940.0055081885	69640.76985021732	35943.29815428789	69475.06365566465
PWY-6901	54193.23874170422	8521.79024256944	13462.21358474497	36299.59622418216	41151.72877568028	43874.07716784125	157482.9233633428	38960.0542019062	26020.43642748775	54273.297886406566
PWY-6902	46181.01750484157	6499.820633173437	50496.76435875381	18610.957616467123	32539.105056647906	22172.13128946911	43641.21203866179	13644.668364510673	17831.189283857366	43756.2513729214
PWY-6906	2037.2167849050886	913.573331750462	175.07947611425632	236.1043705970929	3102.862009583214	187.0031206304858	3080.6940195763736	1285.6212299906595	1061.4154262443278	990.8234703727202
PWY-6922	9532.308258709596	1475.3912108516176	1377.636502659357	3520.726029799963	6530.343106723309	4073.252752872952	16220.638718841006	6176.45197915065	3751.0880238575587	8418.900807384065
PWY-6936	29226.113409171416	3732.5359825109026	66977.26086097764	29889.899447013504	31966.272874934846	33302.24616486139	145250.1789067887	23166.874363944415	16893.443053500116	31687.50514039107
PWY-6948	0.0	0.0	0.0	18.34097706879362	0.0	0.0	0.0	0.0	3.9980058130549443	0.0
PWY-6957	3.0594433092998576	0.0	0.0	0.0	56.97801314235081	0.0	26.603504764817473	0.0	0.0	0.0
PWY-6961	1162.9912042412643	398.23634289189613	303.8838844343494	229.65445577903927	2383.7898832264514	54.65254529382579	3302.2738756089784	4662.153024539836	825.7189485756239	1221.51701404649
PWY-6969	53852.06205392767	6942.828087500755	11020.271789000148	20714.700407329572	40999.320088830355	14143.418120216087	56832.537532672315	30767.645544424548	23574.550572671713	59253.30721000904
PWY-7009	0.43344468604891895	0.0	0.0	0.0	0.0	0.0	0.0	4.307492220184904	35.60883722375467	1.7159535998553845
PWY-7013	2799.6138295150545	1200.0133426206185	1118.8447348481527	541.8114962366288	7280.432157554534	917.3356612750116	11953.628208813283	11890.163993338609	2941.175314241931	2056.6400263204087
PWY-702	30267.150105593217	4773.600310306606	35248.973668848994	26926.173869651248	23726.237008194385	30346.932463134926	171123.21271534023	26081.75214920124	19434.095248135167	37310.470930039104
PWY-7052	167.78958923900925	28.167939606042168	72.195628717592	32.5614255071942	902.0822195287744	114.15466764558131	2790.5146965589593	147.0392829768426	2388.8216861057326	365.21010623220474
PWY-7072	2154.051275411723	64.81693514703186	0.0	0.0	0.0	0.0	9.326090956858346	769.280331234206	0.0	41.698744872168945
PWY-7090	4761.437468252716	374.77101390525945	210.5387236022264	966.7730784214248	818.7732142771331	583.4478998973784	7162.608714961155	1760.7279774445847	841.9611254277507	3747.66232613809
PWY-7094	1416.7556533828827	598.396596339322	442.4384478578214	265.0527432882475	10244.224560053	133.43625231400148	5920.240299384373	6650.2439197594185	1868.5853274702063	763.751864463487
PWY-7098	0.0	0.0	0.0	0.0	7.904364553169441	0.0	0.0	0.0	0.0	0.0
PWY-7111	70738.33381667137	17268.473629028143	56450.12304363007	73918.84638412755	45587.561222568525	75689.750011672	344833.50854753493	53193.86517192886	45474.57037097336	87162.04708737259
PWY-7115	43714.167492743705	7183.936801703616	76932.72486539975	51943.34930378455	40928.09543693981	45967.653783851434	169772.5038578013	36478.337232185084	25903.8344268079	52182.92607033029
PWY-7117	3280.3259416678325	1164.859988202251	4253.5039749682255	1968.213150841797	10696.44806136699	5590.550887750514	73024.94245155515	10734.220197424278	6431.507924043498	19672.916341221833
PWY-7118	1701.0870830888182	748.9995142081077	551.6658525972423	215.5944575523438	8064.040273197568	91.92873252758471	6651.220261611605	8006.923160438518	2145.969592242389	3747.1459788842785
PWY-7159	0.0	0.0	0.0	0.0	0.0	0.0	173.86636754551643	13.459862807258512	16.741867511837736	19.765938131488355
PWY-7199	37.113610299095235	1.8599342900491476	166.38305384401863	154.58099403497255	1274.311038609119	185.328691916519	4800.516961095225	428.4961204081686	0.7199954531939471	71.89707195837951
PWY-7208	31059.164900651223	5037.010227303648	13132.36036738232	42760.4864020559	21054.33994503735	39138.12997094284	292884.66043474805	40010.625993818874	15487.5580749583	38242.68201557278
PWY-7209	0.0	0.0	0.0	0.0	0.0	42.76392593480394	12.920932430193766	4.173621911554685	0.0	0.0
PWY-722	0.0	0.0	0.0	0.0	11.738647504085614	0.0	7.636363636363638	0.0	4.521739130434783	0.0
PWY-7220	68940.45273212026	16456.96955980718	92679.16986373601	58193.041990465805	54225.296343572736	61426.615580264384	298228.48930417513	62913.160081050875	46286.22262689074	97402.06553707324
PWY-7221	85066.06229575137	18623.617994115386	99986.196406842	71436.59833755247	54488.79924384473	83422.06923038514	496483.6393532109	72838.70780092284	46115.44786890336	97202.48683998203
PWY-7222	68940.45273212026	16456.96955980718	92679.16986373601	58193.041990465805	54225.296343572736	61426.615580264384	298228.48930417513	62913.160081050875	46286.22262689074	97402.06553707324
PWY-7228	38955.44830321843	6619.719407340218	18446.935842500876	48277.24805132719	26909.72371682797	45734.141283859586	305991.74981052574	46791.88063804818	20141.821036193654	48621.45301337805
PWY-7229	52415.831442138944	9779.435820763994	31114.80118123576	57480.042372977296	35198.24182017317	58207.25761925868	362117.71643139375	55622.63867554036	28085.391352715575	64187.244212388825
PWY-7234	18892.07429154796	3592.188274869499	5148.014283531575	8460.935249524719	21565.556583405632	12678.379661471548	165460.5691879689	31600.890938398545	20271.25919292821	42465.334515364506
PWY-7237	4687.46	1218.0	6783.5	7274.660000000001	4747.92	3714.89	30115.35	1980.0	3240.67	5677.29
PWY-7238	105953.6927044096	26109.997064242707	113428.32283766994	88030.3765172963	54980.8721919072	97973.38417607291	492334.1167790385	70855.87557521612	57577.01150159139	123409.27843504342
PWY-724	83791.57412196959	18805.548756256692	106786.48204252432	76635.40797500286	52877.61574825941	87688.04519206866	485397.354067829	70450.65644355028	46062.732726327115	94042.39004951638
PWY-7254	4376.274750970178	1800.7516618853551	1691.33269563757	1097.2788434609797	24195.55691030425	349.31522398718266	20662.65860890233	17937.61057344393	6062.770169572401	15305.909422373063
PWY-7255	0.0	0.0	0.0	0.0	29.969479255049652	11.994090954975539	45.5940964317618	1.7999109614677506	0.0	0.0
PWY-7268	0.0	0.0	0.0	0.0	11.9977082074115	0.0	0.0	4.499674329354592	0.0	0.0
PWY-7269	0.0	0.0	0.0	0.0	7.999338976955291	0.0	0.0	2.999931456573703	0.0	0.0
PWY-7282	54716.97797371466	6900.075236719118	14783.31952150824	36971.06701152944	44958.48871717302	40215.79821283764	126490.96241549545	31482.03753635107	27372.8127362341	56671.67983312828
PWY-7286	0.0	0.0	0.0	0.0	26.662981868027092	0.0	0.0	0.0	0.0	0.0
PWY-7294	0.0	0.0	280.22818086999047	172.35637586536424	2099.000105418173	71.9453912890702	3713.2741066300764	3619.0296348560523	1014.9883440756647	2390.1925181862284
PWY-7295	0.0	5.97282910264676	0.0	0.0	0.0	0.0	16.217747244986157	0.0	9.467419766494242	0.0
PWY-7315	40561.81950176583	8322.555366163657	59710.16930732277	29995.955465909345	27434.193860662665	27702.59993198852	88267.94628815482	20271.11650356902	19353.509548865022	47654.22271473773
PWY-7316	25057.394949043635	2506.3942919088313	1197.1891071016228	9990.153009077185	5950.782609096253	4266.044101587103	11460.423144726139	4262.1659885428835	3535.761702712436	26194.20986493857
PWY-7323	68155.43992721208	11354.094637402439	106610.72773179311	63907.76132256609	48806.17451741722	67388.39199164626	210656.97821388324	43989.61918645616	37384.06466021401	77811.86039742848
PWY-7328	25691.037733366455	5236.489362332413	53829.51055796478	7043.028486368026	7704.122056076786	19731.109459680833	44128.32645832131	11710.403645544871	11826.280026017424	29380.10581196492
PWY-7332	543.7880629636646	68.53605995131893	236.94984448848817	616.93218957403	70.20948771851258	312.82779548795867	4640.627581807382	270.01087879917515	468.96127319770005	442.5396219727516
PWY-7345	73025.8274763644	15572.226320789003	31897.768086224645	61049.300333666855	38632.601006549135	62876.63801337363	355581.1384181229	58180.799057825476	42314.599277365145	86718.49183911337
PWY-7356	45059.528546174195	11774.306922445488	30945.977442913336	29142.781300885927	19650.46515631307	39988.7048979508	299595.03276775713	44350.31845173957	27253.896842164406	56840.650190282024
PWY-7357	107365.02968359967	18041.477469413374	186280.41502038218	126782.74394211682	72676.42672446437	117232.2934712439	505728.108176102	87466.72713418883	55513.17699222491	109676.36295360705
PWY-7371	4946.5556394254745	965.4385204172958	160.61111111111111	2301.9548788379952	5855.5766016519265	2224.565557965775	35219.65806920108	11034.355167536614	7181.356730504903	12864.184674163072
PWY-7373	168.88196902377308	23.56072495531628	97.45396901989317	300.76541710481325	1897.9759073480138	269.141124387185	3014.670083739263	640.8174372382376	304.02987347782215	605.818979847119
PWY-7374	5859.548554202146	1163.0359935535666	183.59609699566673	2743.902389938632	6513.69094886807	2610.1836366795624	41352.91904383999	12216.264866091888	8050.293598306277	14652.299986690512
PWY-7376	11.996412526825146	0.0	0.0	29.963883154009455	4777.792047179477	0.0	5055.552489695231	8.997705297217818	196.01948754238248	0.0
PWY-7377	28811.162901607553	7623.683671142428	15379.02680746926	18518.763710522475	10007.998357607841	27412.83115787962	217552.52725843163	27712.530714492135	15767.483560033617	35518.851153269374
PWY-7383	24327.31326025237	5893.742505226348	11161.453939330186	8235.600093077746	23763.501148034753	40493.536301388296	193236.90285262343	22720.916575204254	12427.466025575737	25473.85470365399
PWY-7392	11132.014508245291	4169.563215106541	17789.875836091323	3924.4124705150325	16795.1215758717	11057.966700153318	161512.9815067806	24783.595368543243	15664.084275848069	46248.21482467109
PWY-7399	855.4739982419508	296.0975168538536	100.70412549883034	42.837007131905075	1771.726700392114	62.796528447444544	1768.2902229813176	558.0517046442698	1403.0628844493128	5338.31684120511
PWY-7400	65589.42192876745	13808.76524595164	63095.336649936326	55130.86987640344	37027.3726304726	58648.29746300197	317896.0135942384	48906.92304897793	37721.12708610434	81935.4200070877
PWY-7413	0.0	0.0	0.0	0.0	35.98762427747957	0.0	0.0	0.0	0.0	0.0
PWY-7431	3.997567922543464	0.0	69.09022798460333	77.36314697902975	1976.158188051552	0.0	1555.9521736023223	0.0	23.78417829030282	0.0
PWY-7436	0.0	0.0	0.0	0.0	0.0	0.0	0.0	1.9912663755458517	0.0	0.0
PWY-7446	199.24768108948584	3.462463612685767	147.46699096594855	47.33800350262698	59.32988053813595	17.1120567564812	1227.374199082956	462.75364405145365	9.892810277673503	141.62631260476377
PWY-7456	48280.29042184081	8349.804761926114	32522.033111164073	53206.06108922723	32639.944794865973	43550.902109127164	127357.19072646309	18119.69284194594	27778.054117954453	61296.63968212211
PWY-7480	39.993989921894105	5.543036940798367	0.0	9.906594825851283	1195.6479246613794	19.756999586472666	81.00339357076747	6.976607815986405	63.58216111218245	2.8531502388468266
PWY-7560	82245.93749638021	18601.670424605927	117865.10579121891	76697.94302611158	51095.55354257227	86325.15981892748	456645.68500493054	67333.85185717288	44079.65641167494	90529.4728672126
PWY-7663	96022.34251276006	18192.658719751904	124710.1106086296	93766.25736700752	60041.74353993572	90206.96316509225	470627.53246631724	86049.76796389488	60978.01655084251	126836.70667980559
PWY-7674	69.58048925357956	0.0	0.0	0.0	26.591454379654188	0.0	0.0	14.871492933575626	0.0	17.82310783791458
PWY-7761	58472.371152681946	11532.82375714824	93702.38148185692	61233.704442868235	36422.47167907013	54704.775683719534	225671.47097323023	42284.70580103145	31325.598581951315	64832.68224811752
PWY-7783	311.8848123333052	27.00266087652689	25.947687510826263	560.1624118429057	3891.3041552184873	44.98856525546117	791.0274400800822	211.13366464246113	180.23480065404422	201.69508475992424
PWY-7784	0.0	0.0	0.0	0.0	140.8095751712478	0.0	0.0	0.0	0.0	0.0
PWY-7790	92312.8875265219	20760.571786489738	122321.5372936638	87247.39742550382	60931.4450999572	95631.58443871705	544969.9379664947	81033.57137292987	52712.85716611491	105327.52643644279
PWY-7791	92312.8875265219	20760.571786489738	122321.5372936638	86037.99360687431	58570.95348175261	95631.58443871705	544969.9379664947	81033.57137292987	52712.85716611491	105327.52643644279
PWY-7805	1361.353715400788	176.06216813259618	178.9331664622879	22.70613537897395	2835.5535168593015	160.90198360338647	1839.892269211388	596.0918214697482	2044.3682734137606	5985.407906951402
PWY-7807	2191.120934260139	541.0064922561954	204.68671453188287	47.36699544302697	3356.2637115643074	189.2558837284837	2165.7297896719397	716.9817433448518	3266.10806645226	10673.263625549918
PWY-7820	0.0	0.0	95.18281158884822	0.0	0.0	0.0	0.0	0.0	7.9988669230880305	0.0
PWY-7851	69017.99475563053	15514.637931867106	101079.22515418014	63238.22980069886	44174.36541412532	67982.7991617338	390831.5455376379	62597.19243760304	38186.69759290408	76872.85573325962
PWY-7854	0.0	0.0	0.0	0.0	41.802398992727746	15.768986672308015	88.81365961111469	0.0	0.0	0.0
PWY-7855	2.660961834673969	0.0	0.0	6.407283479884835	1248.4990290663625	0.0	0.0	0.0	0.0	0.0
PWY-7858	0.0	0.0	0.0	0.0	11.992002569543212	0.0	0.0	0.0	0.0	0.0
PWY-7873	507.92037154483126	243.72380107683506	169.55508097820515	71.25955443493285	2032.9535926595122	15.390237795407373	1952.6555143612657	2557.1252087570024	545.6446227430653	251.20172675644002
PWY-7874	516.6516198600063	245.2376749131988	176.6348622497295	76.19561398246621	3151.396028745472	15.390237795407373	1952.6555143612657	2575.2939463514645	579.6804132881384	251.20172675644002
PWY-7883	15542.436758926004	3081.372709713267	4497.959864930447	2636.206023326098	19521.885703493466	7175.298030148627	32467.080415773613	17951.733315555208	5851.191194865633	11669.291578244462
PWY-7900	182.93208654868758	118.82280076304936	232.99384840587211	139.48299561714782	2542.7236429877084	80.7782709615412	5301.551329329206	2044.8548138767806	509.5303723152213	2230.5168364917627
PWY-7902	0.0	4.499643766982286	0.0	0.0	0.0	0.0	20.99964334658789	0.0	7.4995646930700515	0.0
PWY-7913	107.67281507654376	24.021337863747608	27.172882566435796	80.96110502640047	96.17512494582385	7.023460851361687	13.897783397209542	0.0	0.0	0.0
PWY-7942	1180.0228155981883	139.6685251587163	0.0	0.0	1015.2361633753369	209.8864400745872	2191.8212258352346	750.2549982173754	400.57084557462485	406.8438750037224
PWY-7953	90897.22698063031	19663.427680144163	107282.62909816373	77663.0073962385	54653.03634578563	90965.7971542617	571824.0297437257	79887.09835900532	47084.63498591833	100195.35286438806
PWY-7977	92021.12773353183	20507.926691925408	112198.38332590536	83346.90378246277	57934.931535114876	92892.48707179881	510858.64484588074	75827.40245512663	49714.72324418726	102409.00687192248
PWY-7992	10439.997228190146	1835.4020733385848	426.6150379793042	5551.028078067001	12062.633105880112	5324.51520431683	57787.10703781854	18926.03208954327	11526.307728213922	21214.65879830933
PWY-8004	1879.6961078134264	880.4217755018533	662.8938895076076	287.3943211029813	9622.844787680555	57.77158256239599	8159.784380055783	8669.036550449919	3065.2129132185514	7810.309934329158
PWY-801	844.5680417167424	364.22949512709073	224.10861208576216	395.09365301679145	2863.1440345012584	427.1329014879976	4845.687156196128	988.7265283880016	780.6775314877688	3555.5187136517047
PWY-8011	7837.2300000000005	630.5017036823807	818.826925829867	3662.85578502837	3553.478267938865	1009.6131746262384	6059.771263842825	1395.6999302084525	1113.2683153542325	8194.1
PWY-8020	0.0	0.0	0.0	0.0	0.0	0.0	3.294117647058824	0.0	7.16470588235294	0.0
PWY-8055	0.0	0.0	0.0	0.0	0.0	0.0	1.2499882928353927	0.0	257.4610173783751	0.0
PWY-8073	38392.71269350914	4566.4236724849525	77054.21404197518	41158.03021249658	34949.09869577437	46367.163479680166	246913.30625572693	46170.09619947678	19130.759915076535	39107.102905168904
PWY-8085	0.0	0.0	0.0	0.0	7.844660194174757	0.0	7.0	0.0	4.0	0.0
PWY-8131	1233.416192807749	187.70005249926314	724.5649335016578	504.1906760864817	1262.3911424506155	1079.9447304049029	1361.6208214917901	1290.632646485361	754.3424122981711	4119.895458169538
PWY-8178	123930.05503839965	28501.19153091089	116130.34983155012	95348.45136068291	68946.6386322683	112286.01863034247	664964.3752916907	92830.49700854089	64348.56664676206	139409.53338172537
PWY-8187	13463.330048212742	4266.57312436458	5890.476647044507	8996.830790271506	9551.205516473477	6815.919459729938	44162.09293817496	8262.594432770928	5962.489324685337	26279.488303717815
PWY-8190	5990.909724082509	857.8548400647677	2480.9742914976723	2666.851894073734	842.9088605709379	1797.8831279851331	6173.346796366169	1702.2321482998482	1316.958644588091	3837.907601624725
PWY-821	7838.177974839023	2080.1477007587446	5385.724235414957	2402.639962195596	14396.304864546382	5029.942134224234	22856.866406244706	12011.453802142692	9287.538581079934	11999.90452892517
PWY-822	498.6000000000001	135.0	167.0	331.0	488.0	2206.12	25690.0	1161.0	653.6	2940.0
PWY-841	50578.41604287234	9113.951138162474	28841.969520110095	59032.904845893194	34515.73470650169	58431.6341210845	371201.99698310246	55398.783466762594	26722.86828192366	61740.94071172412
PWY-922	0.0	10.020319135704227	0.0	0.0	287.73894448711815	0.0	0.0	0.0	0.0	0.0
PWY-I9	18666.20055878147	4491.797815672135	11353.518118546646	22875.108671672795	10853.808901052911	7375.884141171365	79973.41446615453	12686.000110121911	6827.716090719117	16188.331341779922
PWY0-1061	58995.92085572459	10939.998102218296	90398.25018158363	57012.5601588892	48430.775077703074	55045.62120809255	241172.68848576737	53997.40072701464	33985.41649987552	70065.87458537353
PWY0-1241	7501.150397218855	1542.2198124903077	5117.816496335018	3239.655189141092	8422.667622197583	12627.523628914303	160292.70606666512	17806.318499081386	3944.9163208147856	9793.244005862634
PWY0-1261	35623.34238101354	3085.577861848461	5306.593781661693	11030.604999495295	30067.357551333895	11388.238562476692	34787.151481872694	17951.733315555208	10260.209196681893	23066.415640935495
PWY0-1277	6.498218165505541	0.0	0.0	0.0	0.0	0.0	13.83301392320323	22.483871044320935	98.37456725395222	3.1198259175577827
PWY0-1296	24948.75591469087	5397.071083467183	18523.823116035783	18253.516977370833	15996.646660355647	18322.47740502471	119666.65300684012	21253.75504044034	16094.381319924607	35335.13664209798
PWY0-1297	42564.78344082216	11775.789746408906	28902.998816616288	26980.44027809592	15835.390200463897	27471.288762628068	160298.75660343154	27318.330084550074	25277.377543862	46067.04649125856
PWY0-1319	92528.18198839214	20981.212002035067	99779.23595677681	72695.68567119015	52832.924884688386	85743.49780474101	541574.2201724336	76234.11685079575	50924.22798029864	106163.58833773635
PWY0-1337	28.856660005338146	0.0	14.293058922970804	0.0	312.71929425433507	40.501534901342595	289.07801407954236	614.0316547685006	307.37194160378954	0.0
PWY0-1338	577.0556839966738	246.02210532326254	175.18438317396337	72.2582588659495	2499.472924655766	14.446545240444896	2110.680061558485	2424.5887296488945	708.3980923741223	2208.809755784886
PWY0-1415	906.527766022268	318.45656204918504	1392.6622611887271	270.8597831408064	2311.229755052163	103.5228833036557	2916.993166612507	3123.7736524548022	1277.3438912806275	3409.33774248597
PWY0-1477	7261.715540245778	2376.9811525842715	1705.160672962119	1296.7880406513664	14337.330053990312	3502.150915646045	15318.386520833694	11208.239540660852	5945.302761880833	13605.713945369236
PWY0-1479	10601.672968842848	1313.4792422461433	3816.574613636108	1050.173186472416	7197.466577592363	635.6294643311189	11754.53459229671	8656.462027744323	4685.189657184387	13827.377348262995
PWY0-1533	1814.857841858453	446.10996927352085	169.0364811635203	39.10087598364082	2907.0094861334837	156.2586605666747	1787.3265951821838	592.9428881722423	2736.566060387364	9001.666537871515
PWY0-1586	214149.136420183	41219.40354647294	350226.73994406394	183358.31164893578	133857.03173150684	221056.9560970751	1210698.2733345246	186720.70897925072	105838.37594195276	225680.94070393365
PWY0-162	26590.328590954083	5655.208356250507	8622.985045449841	51240.83552529199	28297.884532584234	25033.449614067136	212159.11946902258	42573.913837735425	21411.846805776426	46373.499101232635
PWY0-301	2550.4438724815313	950.5064765209638	761.7521741866068	646.8179058432819	5611.7304163521285	632.2426578111931	10696.907117983035	9003.41255978597	2614.9358096044766	7186.08297101198
PWY0-321	0.9861203257281053	0.0	0.0	0.0	17.52658576909723	0.0	1.4204442525918408	6.1210170890295315	78.04096067745394	3.6761108257469557
PWY0-41	1242.232311867038	376.6827586468061	293.92689694784343	318.059697881072	2115.134806699077	355.331317836971	5548.776559749824	2785.4621817909233	695.0275498859178	378.4348934636969
PWY0-42	510.75553694147817	238.78280803942866	170.58367650696476	88.84826811316772	3099.3719043076035	20.902315794494523	2050.3921104581605	2720.540091614558	573.8019046314648	235.08499947667698
PWY0-781	29980.26082742956	6477.597535788014	14920.038087628998	19672.112294803086	21444.950320465494	16415.685408186742	161454.66427774122	26349.925266415525	15148.399297635713	35789.288600038424
PWY0-845	29567.18124568738	3155.2111452236404	5881.515506623474	18093.19490619939	29378.116164551546	20377.12198496222	59421.47646761094	16947.745401952663	14630.682085418322	29722.759223398945
PWY0-862	2372.912097232829	843.7121421385548	4206.11091377606	1552.6585458159752	9346.142283947314	5711.739533838643	82566.48377331875	10207.303461872096	5108.559627397198	12323.824971532293
PWY1G-0	0.0	0.0	72.2299574482343	92.34205529750803	74.16143890269599	23.869323148154788	91.73236353318545	3.7221021283329514	7.29499507016665	0.0
PWY1ZNC-1	17334.92426256519	2714.458259664742	70861.77712416627	27096.05840589515	8661.674764635934	19196.840845067054	47395.74975262839	9520.597291073183	10024.503271197493	17034.25872252904
PWY3O-4107	21984.482386735275	3604.8588896410356	16201.437789638447	16541.2691501396	12266.74889801143	26377.29000382477	286848.1048003883	32244.152330572004	10940.866208937268	27794.149498372237
PWY490-3	2499.9857111591627	653.3577951027562	1757.8013156340996	4982.91117059858	1555.0535519670254	17297.822166751972	213771.37431096105	19533.45912092282	560.4130536353715	1914.6850933621267
PWY4FS-7	80744.02086546615	18180.513999623123	78830.1385985187	56968.47145865313	47797.090700818095	64494.05961182316	394335.2909682196	53446.62466264095	42197.287301805474	87400.9741562307
PWY4FS-8	80744.02086546617	18180.513999623123	78830.1385985187	56968.47145865313	47797.09070081811	64494.05961182316	394335.2909682196	53446.62466264095	42197.287301805474	87400.9741562307
PWY4LZ-257	1.4499622040869764	0.0	35.65830375054719	14.995017275320073	12.145090818196435	0.0	714.2677415291071	87.65349639241373	1468.8465216469017	7452.51867639863
PWY66-367	4.780072076373855	0.0	0.0	17.038397931315437	824.4075499416848	0.0	71.50405580729019	2.9959387819613714	18.161113161356457	0.0
PWY66-373	774.8830234754565	384.75449670608754	281.64493725453735	115.92454799772736	3985.9069524630004	23.137720071019803	3430.5469123037824	4290.204130006508	1136.5676306754954	3569.0308258159826
PWY66-388	2.999929051967702	0.0	0.0	28.486970822503555	1590.2134793118264	0.0	0.0	0.0	22.4904498137647	0.0
PWY66-389	37468.442390415985	9055.43810794054	15326.988720396552	19900.046899829875	25323.405578341877	24260.5585944122	86061.89201248751	23902.601905301195	16684.10873150994	39354.286145457794
PWY66-391	0.0	0.0	0.0	0.0	11.989353848557267	0.0	0.0	0.0	0.0	0.0
PWY66-399	32984.31972067508	7467.695868455616	11694.107620852934	12055.55763072656	30365.502761878168	47054.80514559569	251941.24989729197	30008.52724297044	17162.151823929697	35122.02905102583
PWY66-409	20314.394457662285	1858.380740045034	1464.4865362103988	1199.9275328986541	3389.995340351292	1107.5881474331093	7496.864293186128	6781.905834547249	3853.0573730907145	11072.636547557502
PWY6666-2	209.99999999999997	66.0	20.0	38.0	16.0	33.0	134.0	12.0	0.0	0.0
PYRIDNUCSAL-PWY	16458.845879592463	3458.9967149463414	6515.0889904997875	7432.250466306373	11432.434730701027	26546.036317371647	162945.60460735945	14623.721966502917	6587.637737925398	17367.89891789895
PYRIDNUCSYN-PWY	57820.747006163074	11553.952140370167	84926.40715242646	61303.59602619041	42030.44643385367	63058.660476726145	302333.2641296549	49579.59500746899	33412.789376824534	63893.29921223431
PYRIDOXSYN-PWY	24010.749034638597	2412.563090860648	4475.034255520105	15169.453517694637	27829.467571068555	17064.330841998246	48514.43456744936	15092.498428509116	12121.78096629078	24239.834484836047
REDCITCYC	1342.9058922911054	634.6416608535943	477.5162715508049	319.1022720974497	10487.840489684528	101.91322715906182	5974.7966822718145	6077.530588521747	1889.7008666962927	5146.503411589647
RHAMCAT-PWY	36107.62663097078	6875.359352460143	74957.71450101092	46234.26888127884	22373.87797651779	29389.7892672271	69889.26091323823	19799.08811403805	18608.772922051106	38926.993712886
RIBOSYN2-PWY	58445.06384338666	9332.955002533015	88353.07595551491	57456.43327423461	42004.488607468724	61290.69547907379	327841.8561249843	59318.88448626388	34012.057090118054	63297.794263269985
RUMP-PWY	1230.0578242049512	595.8676883374251	548.8075928724281	623.7217544633352	6378.163442800378	299.52400741014714	6534.639405271452	6058.565953348131	1744.5430786425068	5134.772128078496
SALVADEHYPOX-PWY	27616.294909415243	10829.598062435769	10906.405332152717	13606.969866781074	26223.30497059175	10964.721464358097	48787.7601229809	25332.5973102826	8693.391731695538	18756.310436741922
SER-GLYSYN-PWY	78570.88491699213	17142.5828970653	99011.93496752405	72137.97797041247	48009.55509217038	80936.82015562349	467327.65330788866	65751.04343036695	40166.17669006801	85353.83503291242
SO4ASSIM-PWY	17334.92426256519	2714.458259664742	70861.77712416627	27096.05840589515	24856.95373773922	19196.840845067054	47395.74975262839	15508.450440554861	10024.503271197493	17034.25872252904
SULFATE-CYS-PWY	30849.296391242326	5056.272816005684	56901.52870034754	41181.288477898626	34744.79325179494	32203.098417535643	91634.3700404393	26395.059018898733	17144.385739048437	30711.2317367647
THISYNARA-PWY	78073.15200568267	16146.094960253426	110518.73619692633	74997.53792827006	47333.18421871426	77394.05675172333	378463.4007609661	53088.25433829432	40882.051508186785	85885.34257116857
THRESYN-PWY	89978.97096070243	19824.622278173454	112114.25811584838	80930.98967727815	56165.25706565884	85701.55916255506	394378.8484657837	70827.80922153087	46387.71619631645	98327.45962098452
TOLUENE-DEG-3-OH-PWY	6.195298602832109	0.0	0.0	0.0	34.55447690143173	15.062999655350687	60.43302006999664	0.0	0.0	0.0
TRNA-CHARGING-PWY	81843.52877125161	17920.56720175885	101149.8799926579	71296.14044623704	50175.53961223151	82236.5154149208	498821.0304759008	69772.65974481657	43072.0729516855	90460.70415545252
TYRFUMCAT-PWY	7.220445198772766	3.0000000000000004	0.0	18.702428416092786	1492.325062831287	0.0	46.06364487533019	12.593013272278467	16.442720473751944	0.0
UDPNAGSYN-PWY	54863.875932266594	13354.913600710763	42525.514434692406	44321.39700008913	23465.95113351288	54373.79296835323	390932.7901818272	42250.191058600874	29759.669088849427	66303.1764467911
URDEGR-PWY	1134.8018413386008	383.9383388556677	273.82590291153684	273.20929369991	3095.0363856412155	359.81244765767485	5516.931508339407	2972.278697521232	915.4817660190341	767.1188114571714
URSIN-PWY	13.583482012915225	0.0	6.308665780160568	118.57650956365562	1892.0866067649997	34.881761769363784	131.89415836594176	309.5637792043668	267.5671593194334	5.002441416950629
VALSYN-PWY	84527.10125330745	18608.254022867117	112809.54157695714	77402.39212305503	50348.34367211804	79231.95564610777	361819.90941121883	61613.949208986916	49026.850231789445	98794.2319855762
