sequence	16S_rRNA_Count	metadata_NSTI	best_domain	closest_reference_genome
ASV940	1	0.00015	bac	GCF_003096415.1
ASV828	2	0.008627	bac	GCF_000012845.1
ASV10442	3	0.041965	bac	GCA_900769075.1
ASV2877	3	0.046964	bac	GCA_017569285.1
ASV16485	1	0.037021	bac	GCA_000154345.1
ASV1338	6	0.005783	bac	GCF_015074785.1
ASV6914	1	0.168607	bac	GCA_020718205.1
ASV1693	1	0.256616	bac	GCA_000701725.1
ASV794	4	0.011647	bac	GCF_000017205.1
ASV16500	2	0.112335	bac	GCA_900770635.1
ASV921	2	0.013821	bac	GCF_002834225.1
ASV7509	7	0.01042	bac	GCF_000012825.1
ASV1071	1	0.076938	bac	GCF_014337195.1
ASV13760	1	0.092273	bac	GCF_001189915.1
ASV1551	1	0.026906	bac	GCA_025148635.1
ASV13	1	0.001528	bac	GCF_018784445.1
ASV124	1	0.130919	bac	GCA_934504065.1
ASV1704	1	0.014922	bac	GCA_021202155.1
ASV4373	5	0.026973	bac	GCF_003991565.1
ASV16466	1	0.052561	bac	GCA_902765005.1
ASV3686	5	0.026139	bac	GCA_025148635.1
ASV34	5	0.010906	bac	GCF_009193325.2
ASV906	1	0.002934	bac	GCF_000239295.1
ASV70	2	0.00015	bac	GCF_023921805.1
ASV2678	1	0.175936	bac	GCA_015056045.1
ASV1788	1	0.008223	bac	GCF_014384905.1
ASV1550	3	0.045803	bac	GCA_017569285.1
ASV3960	1	0.031332	bac	GCF_024499055.1
ASV28	1	0.00015	bac	GCF_000158035.1
ASV2497	1	0.001509	bac	GCF_000146185.1
ASV812	7	0.032006	bac	GCA_900446925.1
ASV770	2	0.013262	bac	GCF_001182045.1
ASV31	1	0.027486	bac	GCF_000020225.1
ASV45	1	0.058281	bac	GCA_910583925.1
ASV1378	7	0.011797	bac	GCF_002965065.1
ASV11295	3	0.003139	bac	GCF_000020225.1
ASV2156	1	0.013075	bac	GCF_000381365.1
ASV2330	1	0.00015	bac	GCF_013394085.1
ASV3949	1	0.001524	bac	GCF_015557635.1
ASV13764	1	0.016432	bac	GCF_000820765.1
ASV411	1	0.168607	bac	GCA_020718205.1
ASV1459	1	0.027175	bac	GCA_916988195.3
ASV13766	1	0.293593	bac	GCA_009930475.1
ASV377	1	0.003731	bac	GCF_015751045.1
ASV391	1	0.011361	bac	GCA_910575665.1
ASV13788	1	0.107987	bac	GCF_000613805.1
ASV16499	1	0.083982	bac	GCF_019331775.1
ASV414	1	0.023963	bac	GCA_025147485.1
ASV212	3	0.001544	bac	GCF_018408575.1
ASV2294	1	0.001542	bac	GCF_900078395.1
ASV9827	1	0.074561	bac	GCF_900176035.1
ASV5834	2	0.009546	bac	GCA_025146135.1
ASV16531	3	0.097564	bac	GCF_000020225.1
ASV32	6	0.001467	bac	GCF_015074785.1
ASV3148	1	0.009734	bac	GCF_002160865.1
ASV1507	1	0.019254	bac	GCF_016901815.1
ASV6488	1	0.004504	bac	GCF_000239695.1
ASV873	1	0.017631	bac	GCF_003287405.1
ASV120	1	0.035104	bac	GCA_900315985.1
ASV13789	1	0.090886	bac	GCF_000428105.1
ASV4514	1	0.035687	bac	GCA_025150425.1
ASV11294	2	0.108316	bac	GCF_009469595.2
ASV16513	1	0.032725	bac	GCF_014281125.1
ASV5470	1	0.076936	bac	GCF_014337195.1
ASV1721	1	0.027245	bac	GCA_900103495.1
ASV12303	6	0.017315	bac	GCF_015074785.1
ASV47	2	0.004281	bac	GCF_000265365.1
ASV2577	1	0.00015	bac	GCF_014384805.1
ASV2991	2	0.144246	bac	GCF_002777255.1
ASV994	7	0.0087	bac	GCF_900116045.1
ASV11279	1	0.023456	bac	GCF_003966955.1
ASV207	1	0.00015	bac	GCF_013300725.1
ASV64	4	0.001656	bac	GCF_000010425.1
ASV2529	4	0.009522	bac	GCF_000296465.1
ASV1426	1	0.005559	bac	GCF_014384785.1
ASV750	1	0.046656	bac	GCF_000949455.1
ASV11276	1	0.014499	bac	GCA_025147485.1
ASV807	1	0.04797	bac	GCF_002959915.1
ASV2325	1	0.130919	bac	GCA_934504065.1
ASV1833	1	0.00015	bac	GCF_900095865.1
ASV3632	1	0.020446	bac	GCA_900542245.1
ASV902	1	0.00015	bac	GCF_016901815.1
ASV761	1	0.021666	bac	GCF_014287875.1
ASV3197	3	0.064934	bac	GCA_017569285.1
ASV452	1	0.023192	bac	GCA_900103495.1
ASV321	5	0.016475	bac	GCF_009193325.2
ASV8410	1	0.036307	bac	GCF_014297285.1
ASV1799	1	0.001463	bac	GCF_900128455.1
ASV1128	2	0.021333	bac	GCF_000154465.1
ASV1353	1	0.070169	bac	GCA_002841545.1
ASV2049	1	0.071796	bac	GCA_002841545.1
ASV6097	3	0.00015	bac	GCF_004341945.1
ASV7995	1	0.049598	bac	GCA_900539265.1
ASV6274	7	0.001911	bac	GCF_000012825.1
ASV5620	1	0.062684	bac	GCF_020736365.1
ASV7811	1	0.034584	bac	GCF_900104675.1
ASV2104	1	0.004278	bac	GCF_007164725.1
ASV343	5	0.009723	bac	GCF_009193325.2
ASV13763	1	0.069815	bac	GCF_024462815.1
ASV3865	1	0.014686	bac	GCF_900290275.1
ASV195	6	0.012091	bac	GCF_000297775.1
ASV13817	2	0.084082	bac	GCF_016583625.1
ASV66	4	0.00015	bac	GCF_000196555.1
ASV74	1	0.012156	bac	GCF_010120595.1
ASV19005	1	0.046674	bac	GCF_001404655.1
ASV3556	3	0.013705	bac	GCF_018228705.1
ASV3486	1	0.144655	bac	GCA_015056045.1
ASV888	3	0.044241	bac	GCA_017569285.1
ASV632	1	0.04116	bac	GCA_900549855.1
ASV1997	1	0.074336	bac	GCA_018223415.1
ASV10459	1	0.146505	bac	GCA_024227155.1
ASV5946	1	0.077746	bac	GCA_902784545.1
ASV2870	1	0.001517	bac	GCF_015557635.1
ASV9833	2	0.006929	bac	GCF_000154465.1
ASV4576	1	0.122004	bac	GCA_015055625.1
ASV416	1	0.00301	bac	GCF_018784445.1
ASV6139	1	0.03461	bac	GCF_003481705.1
ASV691	1	0.001521	bac	GCF_920888515.1
ASV13807	1	0.088598	bac	GCF_000154845.1
ASV16543	1	0.037678	bac	GCF_023347275.1
ASV11291	2	0.018963	bac	GCF_900155425.1
ASV19	3	0.003214	bac	GCF_000020225.1
ASV2416	1	0.01256	bac	GCF_014384895.1
ASV13747	1	0.100746	bac	GCA_902784545.1
ASV1268	1	0.001536	bac	GCF_003434055.1
ASV3472	1	0.00864	bac	GCA_022867625.1
ASV8201	3	0.00301	bac	GCF_000466165.1
ASV2866	1	0.039536	bac	GCF_015140235.1
ASV1134	1	0.001515	bac	GCF_900129655.1
ASV5273	1	0.002825	bac	GCF_000212375.1
ASV2249	3	0.03703	bac	GCF_024582815.1
ASV16507	2	0.038142	bac	GCA_025144665.1
ASV4796	1	0.001516	bac	GCF_014287815.1
ASV3128	1	0.121383	bac	GCA_902810075.1
ASV508	1	0.031475	bac	GCF_900106785.1
ASV10449	1	0.002774	bac	GCF_000187895.1
ASV1719	1	0.025272	bac	GCF_900199375.1
ASV9834	1	0.057559	bac	GCA_902363825.1
ASV2834	6	0.007224	bac	GCF_015074785.1
ASV3061	4	0.00015	bac	GCF_014337215.1
ASV3349	3	0.00015	bac	GCF_000413435.1
ASV62	1	0.001567	bac	GCA_003460745.1
ASV16468	1	0.070265	bac	GCF_013304385.1
ASV13826	2	0.032272	bac	GCF_000154465.1
ASV140	2	0.012342	bac	GCF_002834225.1
ASV526	3	0.016718	bac	GCF_018228705.1
ASV3379	1	0.084841	bac	GCF_002159845.1
ASV13769	1	0.050504	bac	GCF_003287495.1
ASV290	1	0.00015	bac	GCA_025150245.1
ASV1007	4	0.001741	bac	GCF_000196555.1
ASV11290	4	0.031822	bac	GCF_000296465.1
ASV4979	1	0.052822	bac	GCA_944325155.1
ASV13773	2	0.006904	bac	GCA_025144665.1
ASV5541	1	0.03416	bac	GCF_003479425.1
ASV163	1	0.005577	bac	GCF_000701705.1
ASV13799	2	0.035039	bac	GCF_000297775.1
ASV61	1	0.065174	bac	GCA_020555605.1
ASV13786	1	0.246063	bac	GCF_000178115.2
ASV556	1	0.00015	bac	GCA_902362725.1
ASV13809	1	0.101681	bac	GCF_000196555.1
ASV13776	1	0.045795	bac	GCF_000686665.1
ASV462	1	0.050549	bac	GCA_902362435.1
ASV16517	1	0.040258	bac	GCF_002160955.1
ASV1239	2	0.021053	bac	GCF_000012845.1
ASV6060	3	0.033082	bac	GCA_022009755.1
ASV2151	1	0.052952	bac	GCF_900155525.1
ASV13759	3	0.010568	bac	GCF_001457835.1
ASV6680	1	0.032981	bac	GCA_900315985.1
ASV4014	1	0.017631	bac	GCF_003287405.1
ASV903	1	0.001552	bac	GCF_002160305.1
ASV7653	2	0.011739	bac	GCA_025145285.1
ASV773	5	0.024559	bac	GCF_940677205.1
ASV5682	1	0.001509	bac	GCF_001937445.1
ASV13813	3	0.109656	bac	GCA_022009755.1
ASV16480	1	0.080675	bac	GCF_024462815.1
ASV486	1	0.042073	bac	GCF_002959915.1
ASV2221	1	0.007319	bac	GCF_900148495.1
ASV10455	4	0.002948	bac	GCF_000723465.1
ASV308	7	0.038638	bac	GCA_900446925.1
ASV8666	1	0.020401	bac	GCA_900103495.1
ASV13755	1	0.084327	bac	GCF_005601135.1
ASV10454	2	0.112335	bac	GCA_900770635.1
ASV569	1	0.004454	bac	GCA_934504065.1
ASV10458	1	0.019435	bac	GCF_001708445.1
ASV203	1	0.00015	bac	GCF_000187895.1
ASV16539	1	0.00666	bac	GCF_018408705.1
ASV1103	1	0.035249	bac	GCA_902765005.1
ASV5909	5	0.012136	bac	GCF_009193325.2
ASV4046	1	0.020277	bac	GCA_900103495.1
ASV5680	1	0.021349	bac	GCF_014384705.1
ASV737	1	0.005404	bac	GCF_004535825.1
ASV7817	1	0.071877	bac	GCF_014384905.1
ASV3237	1	0.027169	bac	GCF_004134775.1
ASV13767	1	0.008221	bac	GCF_000188175.1
ASV3075	1	0.021776	bac	GCA_900103495.1
ASV92	3	0.034252	bac	GCA_017569285.1
ASV1209	1	0.001459	bac	GCF_000158035.1
ASV5988	1	0.01391	bac	GCF_900155865.1
ASV12323	2	0.043009	bac	GCA_025145285.1
ASV4047	1	0.019259	bac	GCF_900186995.1
ASV670	1	0.010559	bac	GCF_003481705.1
ASV711	2	0.001479	bac	GCF_006542685.1
ASV2053	1	0.001517	bac	GCA_025150245.1
ASV1722	1	0.001521	bac	GCF_003634345.1
ASV3582	1	0.042496	bac	GCF_014384905.1
ASV7381	7	0.033142	bac	GCF_002965065.1
ASV339	1	0.016195	bac	GCF_003287495.1
ASV16522	2	0.007154	bac	GCF_002834225.1
ASV8673	1	0.002601	bac	GCA_021029595.1
ASV1968	4	0.005807	bac	GCF_002959915.1
ASV7999	1	0.020507	bac	GCA_025147485.1
ASV5208	1	0.002889	bac	GCF_000011065.1
ASV660	1	0.002443	bac	GCF_014131695.1
ASV709	1	0.00015	bac	GCF_900291955.1
ASV13744	7	0.031961	bac	GCF_000026225.1
ASV16512	2	0.083329	bac	GCF_009557455.1
ASV12286	7	0.019725	bac	GCF_000012825.1
ASV3427	1	0.00149	bac	GCA_934504065.1
ASV12319	5	0.039319	bac	GCF_001314995.1
ASV186	2	0.00148	bac	GCA_025145645.1
ASV655	1	0.034568	bac	GCF_900626145.1
ASV3864	3	0.001554	bac	GCF_014334055.1
ASV16496	1	0.10717	bac	GCF_000188175.1
ASV559	1	0.005998	bac	GCF_018784445.1
ASV1076	1	0.014328	bac	GCF_900120005.1
ASV13739	1	0.041246	bac	GCA_025147485.1
ASV6917	7	0.000154	bac	GCF_000012825.1
ASV637	1	0.00735	bac	GCF_023336935.1
ASV1752	1	0.00158	bac	GCF_016901815.1
ASV1621	1	0.004656	bac	GCF_003416765.1
ASV13818	2	0.111088	bac	GCF_014647515.1
ASV3451	4	0.05271	bac	GCF_002777255.1
ASV2546	3	0.082747	bac	GCF_900604345.1
ASV3509	1	0.033426	bac	GCF_014384905.1
ASV27	1	0.005388	bac	GCA_003584705.1
ASV437	5	0.001566	bac	GCA_000020605.1
ASV371	1	0.027938	bac	GCF_003481705.1
ASV818	3	0.001565	bac	GCF_016902445.1
ASV12302	7	0.00015	bac	GCF_002250055.1
ASV2619	1	0.057984	bac	GCF_003634345.1
ASV2342	1	0.010712	bac	GCF_001273755.1
ASV6912	3	0.063508	bac	GCA_017569285.1
ASV2579	1	0.00781	bac	GCF_004535825.1
ASV114	1	0.021699	bac	GCF_003024675.1
ASV3434	1	0.031732	bac	GCF_016901735.1
ASV11300	5	0.039321	bac	GCF_001314995.1
ASV2419	1	0.027127	bac	GCA_902791625.1
ASV16511	1	0.051308	bac	GCF_018918025.1
ASV478	1	0.065622	bac	GCF_000468015.1
ASV6378	1	0.04222	bac	GCF_003479425.1
ASV389	1	0.030932	bac	GCA_916988195.3
ASV8672	4	0.039076	bac	GCF_000296465.1
ASV3656	1	0.009655	bac	GCF_900199515.1
ASV1224	4	0.014197	bac	GCF_000413475.1
ASV4174	2	0.001521	bac	GCA_001189495.1
ASV1058	1	0.035267	bac	GCA_000403475.2
ASV16497	2	0.052829	bac	GCA_025145285.1
ASV9	1	0.009476	bac	GCA_025147485.1
ASV1794	1	0.015207	bac	GCF_003122485.1
ASV1881	3	0.017161	bac	GCF_018228705.1
ASV127	2	0.001474	bac	GCA_025144995.1
ASV3730	1	0.073772	bac	GCA_002841545.1
ASV4347	1	0.012666	bac	GCF_902859725.1
ASV6273	1	0.168607	bac	GCA_020718205.1
ASV5421	1	0.032529	bac	GCA_900542245.1
ASV1421	4	0.010953	bac	GCF_000296465.1
ASV954	4	0.00015	bac	GCF_000723465.1
ASV1451	1	0.06623	bac	GCF_020736365.1
ASV592	1	0.109837	bac	GCA_016285515.1
ASV2059	1	0.063267	bac	GCF_001730365.1
ASV6059	1	0.071386	bac	GCF_014384905.1
ASV2699	3	0.003072	bac	GCA_018228685.1
ASV817	1	0.040615	bac	GCF_002959915.1
ASV211	1	0.00015	bac	GCA_025152405.1
ASV2508	2	0.047395	bac	GCF_900120125.1
ASV13798	3	0.006503	bac	GCF_005121165.3
ASV845	1	0.00015	bac	GCA_025149285.1
ASV15	1	0.013153	bac	GCF_003287405.1
ASV375	5	0.001505	bac	GCF_002222615.2
ASV13746	2	0.112335	bac	GCA_900770635.1
ASV222	1	0.017896	bac	GCA_015062535.1
ASV7650	1	0.130919	bac	GCA_934504065.1
ASV169	1	0.00015	bac	GCF_000949455.1
ASV3657	1	0.002667	bac	GCA_018223415.1
ASV12296	1	0.129697	bac	GCA_008017315.1
ASV1845	3	0.001562	bac	GCF_019429565.1
ASV1119	1	0.043029	bac	GCF_000314795.2
ASV83	1	0.001561	bac	GCF_018918025.1
ASV13829	1	0.008507	bac	GCF_023336935.1
ASV6617	7	0.001629	bac	GCF_013009555.1
ASV12307	1	0.013679	bac	GCF_014287815.1
ASV4772	1	0.006805	bac	GCA_003584705.1
ASV1167	1	0.024918	bac	GCF_023347275.1
ASV2494	6	0.009279	bac	GCF_015074785.1
ASV6096	1	0.120848	bac	GCF_000178115.2
ASV6316	1	0.029518	bac	GCF_009494395.1
ASV1664	7	0.001463	bac	GCF_000012825.1
ASV4145	1	0.020451	bac	GCA_025152575.1
ASV717	1	0.008687	bac	GCF_023336935.1
ASV3708	1	0.009329	bac	GCF_004535825.1
ASV3348	1	0.091639	bac	GCF_943192945.1
ASV697	1	0.001511	bac	GCF_003464165.1
ASV1235	1	0.043218	bac	GCF_000314795.2
ASV16483	3	0.033707	bac	GCA_022009755.1
ASV13827	7	0.04057	bac	GCA_900446925.1
ASV8671	1	0.092355	bac	GCF_002159845.1
ASV588	1	0.029569	bac	GCA_916988195.3
ASV11292	2	0.112335	bac	GCA_900770635.1
ASV2228	1	0.051726	bac	GCA_900543165.1
ASV6	1	0.011523	bac	GCA_025147485.1
ASV6916	3	0.015828	bac	GCF_000154845.1
ASV3329	1	0.062737	bac	GCF_020736365.1
ASV3555	4	0.052706	bac	GCF_002777255.1
ASV13762	1	0.125271	bac	GCA_900538765.1
ASV3238	1	0.014439	bac	GCF_014384895.1
ASV152	1	0.003723	bac	GCF_004535825.1
ASV13772	1	0.007083	bac	GCF_003464165.1
ASV2983	1	0.021869	bac	GCF_000158475.2
ASV13819	1	0.112034	bac	GCA_021770005.1
ASV296	1	0.004444	bac	GCA_910583925.1
ASV3982	1	0.029528	bac	GCA_916988195.3
ASV13797	5	0.110714	bac	GCF_003991565.1
ASV549	1	0.00303	bac	GCA_003478355.1
ASV2972	1	0.011101	bac	GCF_900155865.1
ASV4265	1	0.010856	bac	GCA_902362715.1
ASV13770	5	0.029219	bac	GCA_000020605.1
ASV3701	3	0.083527	bac	GCA_017569285.1
ASV194	1	0.029562	bac	GCA_003584705.1
ASV479	1	0.056549	bac	GCF_000169255.2
ASV5650	1	0.00015	bac	GCF_015140235.1
ASV204	2	0.002886	bac	GCF_000969835.1
ASV2048	1	0.071227	bac	GCA_002841545.1
ASV9383	1	0.021767	bac	GCA_900103495.1
ASV269	1	0.00015	bac	GCF_003478505.1
ASV7147	5	0.004478	bac	GCF_002234575.2
ASV752	1	0.00015	bac	GCF_004134775.1
ASV16471	1	0.225161	bac	GCF_014384765.1
ASV1006	1	0.027623	bac	GCA_003584705.1
ASV4135	1	0.024155	bac	GCF_003024675.1
ASV16510	1	0.129195	bac	GCA_902784545.1
ASV105	1	0.00015	bac	GCF_014297285.1
ASV724	1	0.001528	bac	GCF_000468015.1
ASV376	7	0.001667	bac	GCF_000012825.1
ASV1306	1	0.072308	bac	GCA_002841545.1
ASV561	1	0.001468	bac	GCF_004535825.1
ASV6745	1	0.055426	bac	GCA_900765565.1
ASV10438	1	0.063876	bac	GCF_016901775.1
ASV2391	3	0.065434	bac	GCA_900199405.1
ASV763	1	0.039149	bac	GCF_002959915.1
ASV16537	1	0.146505	bac	GCA_024227155.1
ASV10	1	0.035157	bac	GCA_900315985.1
ASV1412	1	0.00015	bac	GCF_013304385.1
ASV2865	3	0.00015	bac	GCA_916439125.1
ASV2347	1	0.012973	bac	GCA_025147485.1
ASV8199	1	0.293593	bac	GCA_009930475.1
ASV1694	1	0.003787	bac	GCA_900767815.1
ASV6911	1	0.038985	bac	GCF_003479425.1
ASV12289	3	0.037928	bac	GCF_005121165.3
ASV13775	1	0.09204	bac	GCA_910577815.1
ASV16488	1	0.005476	bac	GCF_900290275.1
ASV2620	1	0.008838	bac	GCF_024168045.1
ASV408	1	0.002845	bac	GCF_003634345.1
ASV3823	3	0.109656	bac	GCA_022009755.1
ASV16476	1	0.078942	bac	GCF_000765235.1
ASV244	1	0.00015	bac	GCF_003480435.1
ASV6224	9	0.000154	bac	GCF_009497655.1
ASV199	1	0.002819	bac	GCA_025147325.1
ASV12305	8	0.022709	bac	GCF_023023105.1
ASV10451	1	0.087538	bac	GCF_000154845.1
ASV16505	1	0.061613	bac	GCF_900129655.1
ASV1198	1	0.093607	bac	GCF_000169255.2
ASV1819	1	0.110221	bac	GCA_904419955.1
ASV5091	1	0.089167	bac	GCF_002159845.1
ASV768	3	0.051059	bac	GCA_022009755.1
ASV16520	7	0.067236	bac	GCA_900446925.1
ASV2613	1	0.00015	bac	GCF_018918095.1
ASV3176	1	0.146722	bac	GCF_000178115.2
ASV1481	1	0.053245	bac	GCA_902765005.1
ASV175	1	0.010169	bac	GCF_009494395.1
ASV30	1	0.00015	bac	GCF_000146185.1
ASV625	1	0.00015	bac	GCF_000236865.1
ASV46	1	0.004435	bac	GCF_009494395.1
ASV9831	1	0.04898	bac	GCA_910577155.1
ASV16508	7	0.031826	bac	GCF_000026225.1
ASV101	5	0.003645	bac	GCF_001314995.1
ASV4214	1	0.066036	bac	GCF_900148495.1
ASV2509	1	0.064668	bac	GCA_015055965.1
ASV1241	5	0.00886	bac	GCF_001314995.1
ASV7018	3	0.001568	bac	GCF_009730335.1
ASV16523	1	0.011089	bac	GCF_000327285.1
ASV9826	1	0.063445	bac	GCF_000205025.1
ASV468	6	0.014644	bac	GCF_006337085.1
ASV5299	3	0.001568	bac	GCF_900445025.1
ASV2838	5	0.025057	bac	GCF_003991565.1
ASV16448	2	0.108316	bac	GCF_009469595.2
ASV1612	1	0.095726	bac	GCA_900538555.1
ASV1385	2	0.010879	bac	GCF_000012845.1
ASV2897	1	0.001512	bac	GCA_900112995.1
ASV6317	1	0.018281	bac	GCA_020687485.1
ASV7143	1	0.058168	bac	GCF_900626145.1
ASV2860	4	0.02187	bac	GCF_000723465.1
ASV7654	3	0.031673	bac	GCF_014384745.1
ASV533	4	0.001529	bac	GCF_000296465.1
ASV8986	4	0.053663	bac	GCF_002834225.1
ASV8668	1	0.052972	bac	GCA_015067305.1
ASV215	1	0.061363	bac	GCF_020736365.1
ASV178	6	0.002307	bac	GCF_015074785.1
ASV12283	1	0.060049	bac	GCF_003287405.1
ASV2142	2	0.062555	bac	GCF_009557455.1
ASV11284	1	0.110339	bac	GCA_900765565.1
ASV9828	1	0.200496	bac	GCA_015059095.1
ASV700	1	0.01974	bac	GCF_000156655.1
ASV9829	3	0.045679	bac	GCA_900769075.1
ASV2061	1	0.00015	bac	GCA_018223415.1
ASV1307	2	0.00796	bac	GCA_025146135.1
ASV11278	3	0.011535	bac	GCF_024584435.1
ASV8987	1	0.046962	bac	GCA_002840285.1
ASV6546	1	0.003147	bac	GCA_023459495.1
ASV1112	7	0.030121	bac	GCA_900446925.1
ASV3702	1	0.072665	bac	GCA_902785135.1
ASV2745	1	0.002805	bac	GCF_000590555.1
ASV715	5	0.026582	bac	GCF_003991565.1
ASV3959	2	0.016271	bac	GCF_001182045.1
ASV6138	1	0.032557	bac	GCA_916988195.3
ASV2692	1	0.023552	bac	GCA_916988195.3
ASV816	1	0.009688	bac	GCF_000686665.1
ASV484	1	0.016087	bac	GCF_000205025.1
ASV3060	1	0.028067	bac	GCF_900113455.1
ASV733	1	0.042835	bac	GCA_902362435.1
ASV12285	1	0.025566	bac	GCF_014384905.1
ASV6616	7	0.000154	bac	GCF_000012825.1
ASV2402	1	0.014515	bac	GCA_002270465.1
ASV4517	2	0.015642	bac	GCF_000175615.1
ASV16454	2	0.050279	bac	GCF_002834225.1
ASV4333	5	0.046661	bac	GCF_017255415.1
ASV16544	1	0.009769	bac	GCF_023336935.1
ASV38	1	0.001512	bac	GCA_025147325.1
ASV250	1	0.00304	bac	GCF_003201875.1
ASV854	5	0.054475	bac	GCF_000746025.2
ASV1492	1	0.00788	bac	GCF_009494395.1
ASV16487	1	0.061079	bac	GCF_900106785.1
ASV4481	2	0.014762	bac	GCF_001182045.1
ASV73	1	0.002783	bac	GCF_007164725.1
ASV2223	1	0.00015	bac	GCF_009696265.1
ASV13811	1	0.146505	bac	GCA_024227155.1
ASV3272	1	0.00015	bac	GCF_024294905.1
ASV695	1	0.001512	bac	GCA_001414325.1
ASV13787	2	0.12428	bac	GCF_000467855.2
ASV2139	5	0.027276	bac	GCA_025148635.1
ASV2712	1	0.007385	bac	GCF_003865035.1
ASV1282	1	0.00015	bac	GCA_003478355.1
ASV6379	2	0.048889	bac	GCF_001262605.1
ASV4334	7	0.034251	bac	GCA_900446925.1
ASV81	6	0.011747	bac	GCF_003315195.1
ASV7382	4	0.009676	bac	GCF_000296465.1
ASV5090	1	0.012552	bac	GCF_000701705.1
ASV241	1	0.00015	bac	GCF_014287815.1
ASV2154	7	0.028969	bac	GCF_009711095.1
ASV8414	7	0.003161	bac	GCF_013009555.1
ASV3	7	0.000154	bac	GCF_000012825.1
ASV12304	1	0.019267	bac	GCF_003287495.1
ASV16514	1	0.042222	bac	GCF_004535825.1
ASV13781	1	0.146505	bac	GCA_024227155.1
ASV13745	1	0.061722	bac	GCF_014384765.1
ASV7	2	0.00148	bac	GCA_025145285.1
ASV12278	1	0.129697	bac	GCA_008017315.1
ASV16530	1	0.080653	bac	GCF_005601135.1
ASV8988	1	0.002836	bac	GCF_009495355.1
ASV2272	1	0.021433	bac	GCF_021531255.1
ASV2188	1	0.001574	bac	GCF_900291975.1
ASV1106	1	0.00015	bac	GCF_003434055.1
ASV243	1	0.001532	bac	GCF_000239295.1
ASV13793	1	0.110075	bac	GCF_014237865.1
ASV1390	1	0.024151	bac	GCA_916988195.3
ASV2264	1	0.00015	bac	GCF_900290275.1
ASV5394	1	0.032385	bac	GCF_001866075.3
ASV1916	1	0.021282	bac	GCA_020859985.1
ASV3263	1	0.016309	bac	GCA_900550785.1
ASV312	1	0.0139	bac	GCF_014297285.1
ASV11293	2	0.023834	bac	GCF_000265365.1
ASV121	1	0.00015	bac	GCA_025150425.1
ASV1068	2	0.014136	bac	GCF_000012845.1
ASV798	2	0.021197	bac	GCF_900155425.1
ASV3845	4	0.130036	bac	GCA_015487435.1
ASV1729	1	0.125954	bac	GCF_000178115.2
ASV4516	1	0.005851	bac	GCF_014384885.1
ASV884	1	0.002841	bac	GCA_902363255.1
ASV297	1	0.00015	bac	GCF_003478335.1
ASV88	1	0.010301	bac	GCF_020564355.1
ASV180	4	0.00582	bac	GCF_902810435.1
ASV2601	1	0.014965	bac	GCF_900240315.1
ASV103	2	0.009166	bac	GCF_000012845.1
ASV3179	1	0.047199	bac	GCF_900148495.1
ASV205	1	0.010902	bac	GCA_025147485.1
ASV647	1	0.00785	bac	GCF_004535825.1
ASV734	1	0.018951	bac	GCF_001679485.1
ASV5910	1	0.052516	bac	GCF_001730365.1
ASV3487	1	0.058247	bac	GCA_018223415.1
ASV1785	1	0.021619	bac	GCF_002161055.1
ASV558	1	0.01278	bac	GCF_009494395.1
ASV661	1	0.026613	bac	GCA_002438635.1
ASV2934	1	0.083001	bac	GCF_000169255.2
ASV900	1	0.015959	bac	GCF_009495355.1
ASV525	2	0.009933	bac	GCF_000012845.1
ASV165	1	0.00015	bac	GCA_001312505.1
ASV10450	7	0.045587	bac	GCF_000026225.1
ASV4058	1	0.062829	bac	GCF_020736365.1
ASV16526	2	0.043656	bac	GCA_000752215.1
ASV12309	4	0.107182	bac	GCF_000723465.1
ASV12314	2	0.049531	bac	GCA_025144665.1
ASV26	3	0.005568	bac	GCF_018326305.1
ASV1811	1	0.006909	bac	GCF_000758755.1
ASV3994	2	0.026775	bac	GCF_000154465.1
ASV35	2	0.002851	bac	GCF_000012845.1
ASV571	1	0.00015	bac	GCF_000468015.1
ASV2117	1	0.080092	bac	GCF_002159845.1
ASV16464	1	0.114684	bac	GCA_025150425.1
ASV1330	2	0.007201	bac	GCF_000012845.1
ASV283	1	0.00015	bac	GCA_025148965.1
ASV1220	1	0.043221	bac	GCF_000314795.2
ASV72	1	0.018942	bac	GCF_003287495.1
ASV40	1	0.005388	bac	GCA_003584705.1
ASV7655	2	0.112335	bac	GCA_900770635.1
ASV13821	1	0.082768	bac	GCF_003149245.1
ASV450	2	0.004291	bac	GCF_000012845.1
ASV620	1	0.017631	bac	GCF_003287405.1
ASV3731	1	0.030149	bac	GCF_014384905.1
ASV13824	2	0.022342	bac	GCF_000154465.1
ASV617	1	0.069497	bac	GCA_002841545.1
ASV12287	1	0.040468	bac	GCF_016901775.1
ASV12322	1	0.019027	bac	GCF_000158035.1
ASV382	1	0.128055	bac	GCF_000178115.2
ASV9382	4	0.036109	bac	GCF_000296465.1
ASV1883	1	0.00015	bac	GCF_001025155.1
ASV3477	1	0.025241	bac	GCA_025148635.1
ASV1617	1	0.067389	bac	GCF_000468015.1
ASV12308	1	0.034623	bac	GCF_000765235.1
ASV1000	3	0.037511	bac	GCA_017569285.1
ASV3301	1	0.001391	bac	GCF_020564355.1
ASV929	1	0.031016	bac	GCA_900542245.1
ASV10440	1	0.146505	bac	GCA_024227155.1
ASV6678	1	0.00015	bac	GCF_000238055.2
ASV3627	3	0.001561	bac	GCA_916439125.1
ASV2446	1	0.013218	bac	GCF_015751045.1
ASV13782	1	0.146505	bac	GCA_024227155.1
ASV2842	4	0.015143	bac	GCF_002959915.1
ASV587	1	0.018766	bac	GCF_903645285.1
ASV4739	1	0.007529	bac	GCF_900291975.1
ASV577	1	0.049869	bac	GCA_001512765.1
ASV1185	1	0.08332	bac	GCA_902784545.1
ASV13815	1	0.107015	bac	GCA_900760325.1
ASV1873	1	0.061732	bac	GCA_902765005.1
ASV7994	3	0.040974	bac	GCA_900769075.1
ASV1758	10	0.00015	bac	GCF_900447045.1
ASV1435	4	0.012178	bac	GCF_023167545.1
ASV301	1	0.117802	bac	GCA_900539265.1
ASV2833	1	0.022331	bac	GCA_910584465.1
ASV831	1	0.00015	bac	GCF_003477705.1
ASV1222	1	0.012017	bac	GCF_000327285.1
ASV368	1	0.060603	bac	GCA_900315985.1
ASV13795	5	0.024019	bac	GCF_009193325.2
ASV1283	1	0.001527	bac	GCF_920888515.1
ASV1625	1	0.00015	bac	GCF_002160985.1
ASV2978	1	0.047544	bac	GCF_016901775.1
ASV148	5	0.003645	bac	GCF_001314995.1
ASV410	3	0.022875	bac	GCA_900199405.1
ASV909	5	0.023869	bac	GCF_003991565.1
ASV1717	6	0.013259	bac	GCF_014931275.1
ASV2451	1	0.009559	bac	GCF_014384905.1
ASV3591	1	0.042827	bac	GCF_000949455.1
ASV4278	7	0.032327	bac	GCA_900446925.1
ASV4213	1	0.105632	bac	GCA_902784545.1
ASV1084	1	0.020024	bac	GCA_015067305.1
ASV161	1	0.00015	bac	GCF_003479605.1
ASV1686	1	0.00015	bac	GCA_900542245.1
ASV16486	1	0.021475	bac	GCF_003479605.1
ASV552	1	0.094482	bac	GCA_902784545.1
ASV150	14	0.00015	bac	GCF_900106845.1
ASV769	1	0.031517	bac	GCF_900106785.1
ASV78	2	0.001474	bac	GCF_006542665.1
ASV11272	1	0.010737	bac	GCA_025147485.1
ASV5252	1	0.01664	bac	GCF_000820705.1
ASV554	1	0.025686	bac	GCA_025148635.1
ASV912	1	0.011449	bac	GCF_000701705.1
ASV501	1	0.01229	bac	GCF_900155865.1
ASV5018	1	0.003021	bac	GCF_000239695.1
ASV135	1	0.010044	bac	GCF_900155865.1
ASV4413	2	0.154565	bac	GCF_002777255.1
ASV155	3	0.00015	bac	GCF_000154845.1
ASV805	5	0.010202	bac	GCF_009193325.2
ASV224	1	0.007225	bac	GCF_000188175.1
ASV1468	6	0.014664	bac	GCF_006337085.1
ASV510	1	0.011625	bac	GCA_902774125.1
ASV11301	1	0.031331	bac	GCA_916988195.3
ASV2899	1	0.022354	bac	GCF_014287875.1
ASV2033	1	0.016401	bac	GCF_001678755.1
ASV11280	1	0.021367	bac	GCF_000146185.1
ASV722	1	0.016314	bac	GCF_903645285.1
ASV1226	3	0.059332	bac	GCA_017569285.1
ASV13743	1	0.049601	bac	GCF_000172175.1
ASV795	2	0.002885	bac	GCF_000012845.1
ASV487	1	0.001544	bac	GCF_000296505.1
ASV634	1	0.004108	bac	GCF_007164725.1
ASV4346	1	0.061363	bac	GCF_020736365.1
ASV1430	1	0.015066	bac	GCF_014836335.1
ASV2028	7	0.011789	bac	GCF_002965065.1
ASV1741	1	0.004873	bac	GCA_014385025.1
ASV336	6	0.004263	bac	GCA_018223365.1
ASV13812	2	0.112335	bac	GCA_900770635.1
ASV388	1	0.00015	bac	GCF_014297285.1
ASV705	1	0.07235	bac	GCA_900315985.1
ASV1373	1	0.023723	bac	GCA_900770295.1
ASV1312	2	0.012538	bac	GCF_000012845.1
ASV13753	3	0.046735	bac	GCA_018228685.1
ASV8200	2	0.025773	bac	GCF_000012845.1
ASV154	2	0.002894	bac	GCA_025145845.1
ASV1925	2	0.010129	bac	GCF_000012845.1
ASV463	7	0.040002	bac	GCA_900446925.1
ASV1582	1	0.00015	bac	GCF_002160765.1
ASV2470	1	0.003114	bac	GCF_001070855.1
ASV2387	1	0.003104	bac	GCA_003460745.1
ASV353	4	0.013696	bac	GCF_002959915.1
ASV3356	2	0.055684	bac	GCF_004103755.1
ASV1930	3	0.075144	bac	GCF_014384795.1
ASV174	1	0.00015	bac	GCF_003473545.1
ASV10460	4	0.024591	bac	GCF_000269965.1
ASV16463	1	0.117802	bac	GCA_900539265.1
ASV12325	1	0.324183	bac	GCA_015067305.1
ASV23	1	0.00015	bac	GCA_900112995.1
ASV7144	5	0.026956	bac	GCA_025151215.1
ASV1296	1	0.004653	bac	GCF_003416765.1
ASV400	3	0.001564	bac	GCF_018326305.1
ASV5142	2	0.021487	bac	GCA_944391135.1
ASV12310	1	0.028896	bac	GCF_020564355.1
ASV635	1	0.096854	bac	GCA_902784545.1
ASV13742	1	0.052741	bac	GCF_014287875.1
ASV22	1	0.00015	bac	GCF_003464165.1
ASV95	1	0.016313	bac	GCA_900550785.1
ASV3532	1	0.001598	bac	GCF_000307265.1
ASV19003	1	0.064105	bac	GCA_902765005.1
ASV108	1	0.001493	bac	GCA_003481005.1
ASV562	1	0.040564	bac	GCA_934504065.1
ASV1428	6	0.00015	bac	GCF_000013285.1
ASV633	1	0.047694	bac	GCA_900551245.1
ASV3269	2	0.00719	bac	GCA_025145845.1
ASV188	2	0.010876	bac	GCF_000012845.1
ASV13836	2	0.112335	bac	GCA_900770635.1
ASV12292	1	0.0253	bac	GCF_000146185.1
ASV5272	1	0.023457	bac	GCA_944376295.1
ASV560	6	0.013238	bac	GCF_003315195.1
ASV6744	5	0.01171	bac	GCF_009193325.2
ASV13765	1	0.071691	bac	GCF_000613805.1
ASV4912	1	0.149953	bac	GCA_934234055.1
ASV8	7	0.00159	bac	GCF_000012825.1
ASV107	4	0.00015	bac	GCF_000723465.1
ASV1019	2	0.020442	bac	GCF_000265365.1
ASV16478	2	0.150532	bac	GCF_002777255.1
ASV3180	1	0.03064	bac	GCA_900542245.1
ASV381	1	0.02052	bac	GCF_001679485.1
ASV13794	1	0.038638	bac	GCF_900155865.1
ASV2	7	0.00015	bac	GCF_013009555.1
ASV1774	1	0.007645	bac	GCA_014385095.1
ASV1875	3	0.042608	bac	GCA_017569285.1
ASV1658	1	0.001516	bac	GCA_025150245.1
ASV8669	1	0.014372	bac	GCA_025147485.1
ASV6545	3	0.003072	bac	GCF_018326305.1
ASV16461	1	0.111843	bac	GCA_020859755.1
ASV3882	1	0.048477	bac	GCA_020555605.1
ASV14	5	0.00015	bac	GCA_000020605.1
ASV4398	1	0.001516	bac	GCF_000498355.1
ASV5542	1	0.00015	bac	GCF_900129135.1
ASV1079	1	0.0015	bac	GCA_003481005.1
ASV229	3	0.001559	bac	GCA_018228685.1
ASV1535	1	0.00015	bac	GCF_003030305.1
ASV1480	1	0.004267	bac	GCF_004535825.1
ASV11286	1	0.101066	bac	GCF_020736365.1
ASV882	7	0.03845	bac	GCA_900446925.1
ASV2229	1	0.017629	bac	GCF_003287405.1
ASV79	1	0.017956	bac	GCA_916988195.3
ASV612	1	0.081811	bac	GCF_001643775.1
ASV599	1	0.042286	bac	GCF_002959915.1
ASV357	5	0.012971	bac	GCF_009193325.2
ASV631	1	0.00015	bac	GCF_014297355.1
ASV843	1	0.022067	bac	GCF_008727815.1
ASV16481	1	0.100275	bac	GCA_900538765.1
ASV2885	3	0.001566	bac	GCA_916439125.1
ASV117	5	0.003441	bac	GCF_009193295.2
ASV16533	2	0.041334	bac	GCA_025145845.1
ASV11275	1	0.092583	bac	GCF_002159845.1
ASV16446	1	0.03883	bac	GCA_902362965.1
ASV3181	1	0.012506	bac	GCF_014384905.1
ASV11298	1	0.129697	bac	GCA_008017315.1
ASV2022	1	0.060508	bac	GCF_900148495.1
ASV1008	3	0.243388	bac	GCF_014384745.1
ASV3791	4	0.012079	bac	GCF_000187585.1
ASV1086	1	0.004323	bac	GCF_900128455.1
ASV11	1	0.016338	bac	GCF_003287495.1
ASV16453	1	0.091631	bac	GCA_900538555.1
ASV16493	1	0.03349	bac	GCF_900106785.1
ASV11302	5	0.002424	bac	GCF_012317185.1
ASV4101	1	0.036763	bac	GCF_013618865.1
ASV37	5	0.002928	bac	GCF_002222615.2
ASV17	1	0.005856	bac	GCF_000025985.1
ASV1710	1	0.00157	bac	GCF_004123145.1
ASV5144	1	0.006078	bac	GCF_016901815.1
ASV16542	1	0.144773	bac	GCF_000703005.1
ASV2676	1	0.016509	bac	GCA_902362435.1
ASV3031	1	0.043721	bac	GCA_021202555.1
ASV7019	5	0.024015	bac	GCF_003991565.1
ASV2237	1	0.021667	bac	GCF_014287875.1
ASV4266	1	0.047425	bac	GCF_015140235.1
ASV9380	1	0.011091	bac	GCF_004535825.1
ASV2101	1	0.009723	bac	GCA_900543035.1
ASV5578	1	0.038796	bac	GCF_014384905.1
ASV137	1	0.00015	bac	GCF_021531995.1
ASV1020	1	0.013392	bac	GCA_902774125.1
ASV977	7	0.031356	bac	GCA_900446925.1
ASV13740	3	0.103028	bac	GCA_017569285.1
ASV651	2	0.169757	bac	GCF_002896855.1
ASV262	1	0.029584	bac	GCF_003481705.1
ASV423	5	0.027672	bac	GCF_003991565.1
ASV7998	1	0.113823	bac	GCF_014384895.1
ASV158	1	0.012611	bac	GCF_000188175.1
ASV13835	7	0.081069	bac	GCA_900446925.1
ASV3184	1	0.015105	bac	GCF_009936045.1
ASV668	1	0.00015	bac	GCF_003481705.1
ASV1890	1	0.017619	bac	GCF_003287405.1
ASV2931	2	0.001484	bac	GCF_900604385.1
ASV4	7	0.010305	bac	GCF_002965065.1
ASV7272	1	0.014907	bac	GCF_900078395.1
ASV8411	1	0.032766	bac	GCA_015067305.1
ASV9836	1	0.052874	bac	GCA_900315985.1
ASV11297	1	0.001615	bac	GCA_025146565.1
ASV13831	7	0.065179	bac	GCA_900446925.1
ASV12284	1	0.070848	bac	GCF_002160895.1
ASV1486	4	0.001573	bac	GCF_000723465.1
ASV2068	1	0.00015	bac	GCA_000613465.1
ASV1011	1	0.034394	bac	GCA_015067305.1
ASV1022	1	0.12407	bac	GCF_000331995.1
ASV76	4	0.008141	bac	GCF_000296465.1
ASV1949	5	0.025531	bac	GCA_025148635.1
ASV4020	3	0.003036	bac	GCA_000411415.1
ASV1495	1	0.005769	bac	GCF_004535825.1
ASV55	4	0.002925	bac	GCF_000296465.1
ASV16534	1	0.116065	bac	GCA_025149465.1
ASV1418	2	0.015312	bac	GCF_002834225.1
ASV13816	2	0.046665	bac	GCF_001025175.1
ASV13833	1	0.007749	bac	GCF_000146325.1
ASV10448	3	0.026746	bac	GCF_000154845.1
ASV85	2	0.002856	bac	GCA_025144665.1
ASV5145	1	0.009819	bac	GCA_910583925.1
ASV837	1	0.002413	bac	GCA_000437395.1
ASV11283	1	0.056688	bac	GCF_009193295.2
ASV2992	2	0.05352	bac	GCF_000521465.1
ASV1178	1	0.168607	bac	GCA_020718205.1
ASV893	1	0.00015	bac	GCF_009696065.1
ASV1374	1	0.002924	bac	GCA_001414325.1
ASV2268	1	0.055924	bac	GCA_021202555.1
ASV464	1	0.001524	bac	GCF_019734195.1
ASV6095	1	0.045159	bac	GCF_000765235.1
ASV696	1	0.003015	bac	GCF_009495355.1
ASV1274	1	0.039186	bac	GCA_916988195.3
ASV1244	1	0.00015	bac	GCF_900128455.1
ASV1405	1	0.157301	bac	GCA_015056045.1
ASV8413	1	0.129697	bac	GCA_008017315.1
ASV9832	2	0.060608	bac	GCF_001025175.1
ASV4173	1	0.001578	bac	GCF_002899715.1
ASV2803	1	0.011936	bac	GCF_003024675.1
ASV16473	1	0.005388	bac	GCA_003584705.1
ASV2017	1	0.068912	bac	GCF_018918095.1
ASV403	5	0.003381	bac	GCF_009193295.2
ASV25	1	0.004485	bac	GCF_009495355.1
ASV3274	1	0.085027	bac	GCF_000024205.1
ASV4898	1	0.05687	bac	GCA_900769475.1
ASV265	6	0.001468	bac	GCA_025151535.1
ASV2576	5	0.00495	bac	GCF_001314995.1
ASV326	1	0.00015	bac	GCF_000765235.1
ASV12317	1	0.029623	bac	GCA_900018345.1
ASV16519	1	0.082451	bac	GCF_002160955.1
ASV3644	3	0.075144	bac	GCF_014384795.1
ASV33	1	0.008723	bac	GCF_003269275.1
ASV9376	1	0.030829	bac	GCF_900104665.1
ASV5298	1	0.001523	bac	GCF_003478335.1
ASV5067	1	0.049591	bac	GCA_944325155.1
ASV2665	3	0.00157	bac	GCF_018228705.1
ASV5714	1	0.049046	bac	GCF_001434975.1
ASV6380	2	0.001402	bac	GCF_000154465.1
ASV2204	1	0.03623	bac	GCA_902765005.1
ASV1848	1	0.063896	bac	GCF_900104675.1
ASV7021	1	0.011078	bac	GCA_003460745.1
ASV3309	1	0.021285	bac	GCF_019734885.1
ASV7997	1	0.010738	bac	GCA_025147485.1
ASV4136	3	0.00015	bac	GCA_900199405.1
ASV359	2	0.015421	bac	GCA_025151215.1
ASV16462	1	0.160201	bac	GCF_900116045.1
ASV1050	1	0.012994	bac	GCF_000701705.1
ASV2099	3	0.001555	bac	GCF_900445025.1
ASV10461	7	0.035776	bac	GCF_013009555.1
ASV16477	1	0.120385	bac	GCA_016286585.1
ASV3390	2	0.00015	bac	GCF_014287795.1
ASV6315	1	0.016703	bac	GCA_003460745.1
ASV3554	1	0.130919	bac	GCA_934504065.1
ASV7816	1	0.032948	bac	GCA_900315985.1
ASV16506	2	0.033436	bac	GCA_025151215.1
ASV268	1	0.00586	bac	GCF_003865035.1
ASV7145	1	0.014179	bac	GCF_900142645.1
ASV190	4	0.00015	bac	GCF_014337155.1
ASV196	1	0.005884	bac	GCF_004535825.1
ASV6827	1	0.00015	bac	GCA_000158655.1
ASV286	2	0.016634	arc	GCF_000016525.1
ASV240	1	0.038934	bac	GCF_000233955.1
ASV1734	1	0.001604	bac	GCF_000236865.1
ASV3575	1	0.01762	bac	GCF_003287405.1
ASV513	1	0.007229	bac	GCF_000701705.1
ASV41	5	0.005969	bac	GCF_001314995.1
ASV16459	7	0.191623	bac	GCF_005860775.1
ASV5274	1	0.067534	bac	GCA_012034405.1
ASV225	1	0.01892	bac	GCF_003287495.1
ASV12316	7	0.051721	bac	GCF_000026225.1
ASV418	1	0.017968	bac	GCF_003287495.1
ASV65	1	0.001466	bac	GCF_000011065.1
ASV850	2	0.005743	bac	GCA_025145845.1
ASV1858	1	0.044848	bac	GCF_000314795.2
ASV164	1	0.007011	bac	GCF_000425045.1
ASV7810	1	0.006884	bac	GCF_002874775.1
ASV545	1	0.025599	bac	GCA_910583925.1
ASV20	1	0.016131	bac	GCF_003287405.1
ASV2168	2	0.002904	bac	GCF_018362775.1
ASV11288	1	0.123438	bac	GCF_000190535.1
ASV905	1	0.095677	bac	GCA_900538555.1
ASV2517	2	0.001604	bac	GCF_003479805.1
ASV919	1	0.048313	bac	GCA_015055625.1
ASV10457	6	0.003432	bac	GCF_015074785.1
ASV12280	3	0.048578	bac	GCF_005121165.3
ASV248	1	0.033769	bac	GCA_025150425.1
ASV273	1	0.080209	bac	GCA_900538765.1
ASV1576	1	0.046622	bac	GCF_014384895.1
ASV3215	5	0.025815	bac	GCF_003991565.1
ASV13751	2	0.061204	bac	GCA_025145285.1
ASV3361	1	0.004581	bac	GCA_015258715.1
ASV8416	1	0.021314	bac	GCF_003464165.1
ASV352	3	0.050323	bac	GCF_014384795.1
ASV11282	3	0.00156	bac	GCF_900637905.1
ASV1572	1	0.013046	bac	GCF_000701705.1
ASV12	1	0.023406	bac	GCF_023347275.1
ASV2976	1	0.001464	bac	GCA_000613465.1
ASV67	1	0.012924	bac	GCA_025147485.1
ASV523	1	0.003167	bac	GCA_025146565.1
ASV8674	7	0.110605	bac	GCF_003261575.2
ASV56	1	0.00015	bac	GCF_000765235.1
ASV11303	1	0.017751	bac	GCF_000146185.1
ASV1425	1	0.061997	bac	GCA_905199855.1
ASV3330	1	0.050815	bac	GCA_020555605.1
ASV890	5	0.026279	bac	GCA_025148635.1
ASV5297	3	0.007699	bac	GCF_016902445.1
ASV317	1	0.020744	bac	GCA_900549855.1
ASV1628	1	0.040295	bac	GCF_000314795.2
ASV4102	1	0.009109	bac	GCF_014384895.1
ASV1398	1	0.100955	bac	GCA_902784545.1
ASV344	1	0.00015	bac	GCF_000469345.1
ASV7507	4	0.015438	bac	GCF_000017205.1
ASV16527	7	0.029477	bac	GCF_000012825.1
ASV2072	7	0.031363	bac	GCA_900446925.1
ASV29	1	0.012162	bac	GCF_009738225.1
ASV10444	6	0.008784	bac	GCF_015074785.1
ASV4229	5	0.002342	bac	GCF_000236925.1
ASV16458	1	0.055989	bac	GCF_009695765.1
ASV2997	5	0.00015	bac	GCF_002902725.1
ASV3334	1	0.013622	bac	GCF_900155865.1
ASV781	5	0.025061	bac	GCF_003991565.1
ASV7379	1	0.033842	bac	GCF_003479425.1
ASV11287	1	0.118769	bac	GCA_009885695.1
ASV10446	1	0.026743	bac	GCA_916988195.3
ASV5209	3	0.062347	bac	GCA_017569285.1
ASV6381	1	0.016378	bac	GCF_000735435.1
ASV100	1	0.028217	bac	GCA_000687695.1
ASV8992	1	0.040317	bac	GCA_900543165.1
ASV84	2	0.010972	bac	GCF_002834225.1
ASV6915	7	0.030121	bac	GCA_900446925.1
ASV10452	1	0.004229	bac	GCA_025150245.1
ASV7508	2	0.001492	bac	GCF_000269605.1
ASV3204	1	0.168607	bac	GCA_020718205.1
ASV4087	1	0.00599	bac	GCF_000239295.1
ASV3095	1	0.001518	bac	GCA_025152405.1
ASV9378	1	0.011005	bac	GCA_025147485.1
ASV8665	1	0.02584	bac	GCA_916988195.3
ASV2431	1	0.044165	bac	GCF_900104615.1
ASV106	1	0.179623	bac	GCF_000213255.1
ASV16490	1	0.032138	bac	GCF_900106785.1
ASV1092	1	0.00015	bac	GCA_018223385.1
ASV54	1	0.00015	bac	GCF_001406815.1
ASV13750	2	0.075011	bac	GCF_000012845.1
ASV3922	3	0.086903	bac	GCF_004103755.1
ASV1634	1	0.083989	bac	GCA_944376795.1
ASV664	1	0.01745	bac	GCA_900538805.1
ASV8412	6	0.006212	bac	GCF_015074785.1
ASV13808	1	0.047155	bac	GCA_003481005.1
ASV111	1	0.016087	bac	GCF_000205025.1
ASV149	1	0.001441	bac	GCF_000382445.1
ASV16524	1	0.055038	bac	GCF_000701705.1
ASV16521	1	0.039515	bac	GCF_000190535.1
ASV1012	7	0.008713	bac	GCF_900116045.1
ASV13792	2	0.112335	bac	GCA_900770635.1
ASV1589	1	0.004542	bac	GCF_016901815.1
ASV4374	1	0.001526	bac	GCF_014287815.1
ASV13756	1	0.066041	bac	GCA_001312505.1
ASV227	7	0.007159	bac	GCF_900116045.1
ASV334	1	0.001959	bac	GCA_916988195.3
ASV7813	1	0.031769	bac	GCF_014384905.1
ASV89	4	0.02023	bac	GCF_000723465.1
ASV316	1	0.00015	bac	GCA_001414325.1
ASV1502	2	0.002892	bac	GCA_025145285.1
ASV43	4	0.007054	bac	GCF_000296465.1
ASV5253	1	0.04118	bac	GCF_009738225.1
ASV179	1	0.016094	bac	GCF_000205025.1
ASV13796	3	0.046706	bac	GCF_005121165.3
ASV4515	1	0.045542	bac	GCF_016901775.1
ASV200	1	0.065187	bac	GCA_020555605.1
ASV1176	2	0.001471	bac	GCF_900107675.1
ASV3958	1	0.11516	bac	GCA_020859985.1
ASV147	1	0.015422	bac	GCA_902774125.1
ASV1264	1	0.00244	bac	GCF_000160075.2
ASV12291	1	0.004945	bac	GCF_009495355.1
ASV4115	3	0.056328	bac	GCA_017569285.1
ASV1299	5	0.022749	bac	GCF_006739205.1
ASV952	1	0.008049	bac	GCF_000190535.1
ASV5143	1	0.001503	bac	GCF_000940845.1
ASV2131	1	0.00015	bac	GCF_017566145.1
ASV3626	1	0.035694	bac	GCA_025150425.1
ASV372	4	0.001576	bac	GCF_000723465.1
ASV6913	1	0.047552	bac	GCF_900155525.1
ASV369	1	0.059255	bac	GCA_910583925.1
ASV141	5	0.00015	bac	GCF_000225345.1
ASV623	1	0.043251	bac	GCA_900543165.1
ASV16449	1	0.11516	bac	GCA_020859985.1
ASV1201	1	0.012141	bac	GCF_001591705.1
ASV3122	1	0.006207	bac	GCF_003416765.1
ASV5275	1	0.007242	bac	GCF_000479005.1
ASV3211	1	0.026377	bac	GCA_910574935.1
ASV13822	2	0.053011	bac	GCA_025151215.1
ASV1081	1	0.010204	bac	GCF_023336935.1
ASV16509	1	0.00827	bac	GCF_000190535.1
ASV539	1	0.00015	bac	GCF_003479605.1
ASV3981	1	0.001524	bac	GCF_015557635.1
ASV13785	1	0.072726	bac	GCF_003287405.1
ASV7996	1	0.068185	bac	GCF_014384765.1
ASV2942	1	0.022483	bac	GCF_016756775.1
ASV2889	2	0.001566	bac	GCF_900199635.1
ASV511	1	0.004351	bac	GCF_009696275.1
ASV897	5	0.002996	bac	GCF_002234575.2
ASV2259	1	0.00015	bac	GCF_001280875.1
ASV113	1	0.023442	bac	GCA_025152575.1
ASV6177	1	0.027231	bac	GCF_014384765.1
ASV12290	2	0.112335	bac	GCA_900770635.1
ASV570	1	0.225161	bac	GCF_014384765.1
ASV13748	4	0.055813	bac	GCF_000296465.1
ASV12299	1	0.106074	bac	GCF_002259405.1
ASV16482	1	0.115813	bac	GCA_014804965.1
ASV518	1	0.004125	bac	GCF_018917935.1
ASV10437	1	0.146505	bac	GCA_024227155.1
ASV652	1	0.019629	bac	GCA_916988195.3
ASV13804	1	0.115854	bac	GCF_020736365.1
ASV9830	5	0.002934	bac	GCA_000020605.1
ASV555	5	0.027641	bac	GCF_003991565.1
ASV11285	1	0.115891	bac	GCF_003479425.1
ASV276	1	0.004749	bac	GCA_900539265.1
ASV303	7	0.001484	bac	GCF_013009555.1
ASV146	1	0.030686	bac	GCA_000154345.1
ASV573	1	0.00015	bac	GCF_000173975.1
ASV136	1	0.00015	bac	GCA_003481005.1
ASV4008	1	0.225161	bac	GCF_014384765.1
ASV1138	1	0.082116	bac	GCF_000169255.2
ASV153	1	0.018781	bac	GCA_900103495.1
ASV5	2	0.00147	bac	GCF_000154465.1
ASV1995	1	0.011087	bac	GCF_016901775.1
ASV9375	2	0.055625	bac	GCA_025145285.1
ASV1171	1	0.004578	bac	GCF_016901815.1
ASV764	1	0.00015	bac	GCA_902362435.1
ASV173	2	0.010874	bac	GCF_000012845.1
ASV433	6	0.00015	bac	GCA_018228645.1
ASV1415	1	0.125434	bac	GCF_000178115.2
ASV213	1	0.017278	bac	GCA_000980495.1
ASV16451	1	0.038059	bac	GCF_011039085.1
ASV1824	4	0.004289	bac	GCF_000296465.1
ASV1581	1	0.08023	bac	GCA_902362715.1
ASV2105	1	0.113823	bac	GCF_014384895.1
ASV218	1	0.00015	bac	GCF_019734195.1
ASV981	1	0.064961	bac	GCF_014384765.1
ASV1825	1	0.053197	bac	GCA_900543165.1
ASV514	5	0.014249	bac	GCF_009193325.2
ASV3780	2	0.016264	bac	GCF_001182045.1
ASV673	1	0.046225	bac	GCA_934504065.1
ASV402	1	0.001563	bac	GCF_014287875.1
ASV420	2	0.059552	bac	GCF_009557455.1
ASV392	1	0.008872	bac	GCA_016899975.1
ASV12294	1	0.070693	bac	GCF_005601135.1
ASV253	1	0.012163	bac	GCF_009738225.1
ASV1275	3	0.00015	bac	GCF_016552165.1
ASV13758	2	0.12428	bac	GCF_000467855.2
ASV270	1	0.018161	bac	GCF_000314795.2
ASV920	1	0.081828	bac	GCA_018223385.1
ASV13834	1	0.016786	bac	GCF_900120005.1
ASV13752	1	0.039679	bac	GCA_020859985.1
ASV16532	1	0.129697	bac	GCA_008017315.1
ASV12301	1	0.030896	bac	GCF_003287495.1
ASV57	1	0.00678	bac	GCF_000190535.1
ASV1060	4	0.013485	bac	GCF_000010425.1
ASV16515	1	0.02593	bac	GCF_023347275.1
ASV832	5	0.00015	bac	GCF_009767585.1
ASV7149	1	0.002997	bac	GCF_000807675.2
ASV4314	1	0.056305	bac	GCF_016901735.1
ASV254	1	0.037182	bac	GCA_944364615.1
ASV189	3	0.011103	bac	GCF_013393365.1
ASV7380	7	0.01603	bac	GCA_021307345.1
ASV971	1	0.00015	bac	GCF_003268275.1
ASV485	1	0.00155	bac	GCA_900540345.1
ASV4348	4	0.00015	bac	GCF_002270485.1
ASV12306	1	0.112611	bac	GCA_944319925.1
ASV2479	1	0.048758	bac	GCA_902765005.1
ASV3189	2	0.00015	bac	GCF_900626145.1
ASV1278	7	0.035751	bac	GCA_900446925.1
ASV8667	1	0.051052	bac	GCF_900626145.1
ASV1163	1	0.00015	bac	GCF_014287895.1
ASV5785	1	0.168607	bac	GCA_020718205.1
ASV887	1	0.01567	bac	GCF_002161675.1
ASV12288	7	0.020155	bac	GCF_000012825.1
ASV171	4	0.005756	bac	GCF_000296465.1
ASV13778	1	0.146505	bac	GCA_024227155.1
ASV3510	1	0.00015	bac	GCF_920888515.1
ASV1063	1	0.024921	bac	GCF_023347275.1
ASV1391	1	0.001512	bac	GCF_014306095.1
ASV4556	1	0.008215	bac	GCF_000482365.1
ASV580	1	0.00015	bac	GCF_002874775.1
ASV3574	1	0.00015	bac	GCF_005845215.1
ASV7150	3	0.072134	bac	GCA_017569285.1
ASV875	1	0.003012	bac	GCF_018784445.1
ASV11281	1	0.085739	bac	GCF_023347275.1
ASV2058	1	0.070176	bac	GCF_000169255.2
ASV80	5	0.009688	bac	GCF_009193325.2
ASV63	3	0.035874	bac	GCA_017569285.1
ASV785	1	0.014293	bac	GCF_009494395.1
ASV3193	1	0.061055	bac	GCA_015056045.1
ASV1941	2	0.004572	bac	GCF_000024265.1
ASV2672	2	0.053318	bac	GCF_900120125.1
ASV4483	1	0.019378	bac	GCF_002161055.1
ASV999	2	0.010877	bac	GCF_000012845.1
ASV3523	5	0.004289	bac	GCF_014334015.1
ASV16455	1	0.062852	bac	GCF_000765235.1
ASV2673	1	0.053147	bac	GCF_900155525.1
ASV1130	1	0.00015	bac	GCF_900209925.1
ASV2198	1	0.00015	bac	GCF_014333425.1
ASV24	7	0.003405	bac	GCF_000012825.1
ASV1519	1	0.004364	bac	GCA_902362595.1
ASV3970	1	0.10669	bac	GCA_934636245.1
ASV2856	1	0.073414	bac	GCF_000169255.2
ASV500	1	0.0735	bac	GCA_900315985.1
ASV2365	1	0.090455	bac	GCA_014385095.1
ASV3046	5	0.055263	bac	GCF_000746025.2
ASV5947	1	0.002449	bac	GCF_001517105.1
ASV2445	1	0.009309	bac	GCF_004535825.1
ASV941	1	0.004403	bac	GCF_000239295.1
ASV134	3	0.001579	bac	GCF_005121165.3
ASV2353	1	0.013152	bac	GCF_003287405.1
ASV7812	1	0.00015	bac	GCA_001028025.1
ASV13771	1	0.00448	bac	GCF_000187895.1
ASV4644	1	0.001519	bac	GCA_900112995.1
ASV385	1	0.009229	bac	GCF_900155865.1
ASV16502	1	0.059688	bac	GCF_014333425.1
ASV16450	1	0.070702	bac	GCF_014287875.1
ASV226	2	0.004415	bac	GCF_000265365.1
ASV230	1	0.058934	bac	GCA_902765005.1
ASV125	1	0.005933	bac	GCA_910583925.1
ASV3854	1	0.063478	bac	GCA_910583925.1
ASV2001	1	0.065109	bac	GCF_015140235.1
ASV872	1	0.059037	bac	GCF_014384765.1
ASV11277	2	0.12428	bac	GCF_000467855.2
ASV984	1	0.038826	bac	GCA_934504065.1
ASV9825	1	0.034008	bac	GCF_900104615.1
ASV335	1	0.00015	bac	GCF_003461245.1
ASV1706	1	0.023064	bac	GCF_021531715.1
ASV275	3	0.001522	bac	GCF_003461625.1
ASV645	1	0.004299	bac	GCF_003634345.1
ASV12282	1	0.053851	bac	GCA_910583925.1
ASV16457	1	0.111602	bac	GCA_910575665.1
ASV665	1	0.006644	bac	GCF_000146185.1
ASV2614	1	0.042378	bac	GCF_014384765.1
ASV1040	1	0.00015	bac	GCF_009696275.1
ASV10445	1	0.043007	bac	GCF_014384905.1
ASV91	5	0.00015	bac	GCF_014287515.2
ASV1501	1	0.031219	bac	GCF_003149245.1
ASV2590	1	0.028711	bac	GCF_014384765.1
ASV1362	3	0.071404	bac	GCA_017569285.1
ASV3604	1	0.019534	bac	GCF_002161055.1
ASV13805	1	0.129697	bac	GCA_008017315.1
ASV16491	1	0.00964	bac	GCF_000146185.1
ASV12300	5	0.016077	bac	GCF_002222615.2
ASV1716	1	0.024919	bac	GCF_023347275.1
ASV862	1	0.033013	bac	GCF_900106785.1
ASV13784	1	0.027463	bac	GCF_000701705.1
ASV1229	1	0.066648	bac	GCF_014384765.1
ASV3876	1	0.003028	bac	GCF_003434055.1
ASV3308	1	0.144728	bac	GCA_021083345.1
ASV13761	5	0.046348	bac	GCF_009193325.2
ASV2079	3	0.022798	bac	GCF_018919205.1
ASV2454	2	0.02892	bac	GCF_000478885.1
ASV522	1	0.001567	bac	GCF_018408705.1
ASV699	1	0.00015	bac	GCF_003460605.1
ASV961	1	0.047415	bac	GCA_910577155.1
ASV2089	1	0.00015	bac	GCF_000235505.1
ASV1996	1	0.001539	bac	GCF_014287275.1
ASV386	1	0.00015	bac	GCA_021029595.1
ASV1363	1	0.009663	bac	GCF_000313565.1
ASV947	7	0.001464	bac	GCF_000012825.1
ASV3687	2	0.067524	bac	GCA_910575495.1
ASV4221	1	0.027263	bac	GCA_900767815.1
ASV16460	1	0.120385	bac	GCA_016286585.1
ASV13814	4	0.0644	bac	GCF_000296465.1
ASV943	1	0.00015	bac	GCA_902362965.1
ASV7020	1	0.048035	bac	GCA_900543165.1
ASV2475	1	0.027933	bac	GCF_003481705.1
ASV16452	1	0.135396	bac	GCA_910577585.1
ASV13741	1	0.061126	bac	GCF_002160895.1
ASV13803	1	0.001442	bac	GCF_000146185.1
ASV348	1	0.032765	bac	GCA_015067305.1
ASV182	2	0.002903	bac	GCA_025145285.1
ASV9381	2	0.054732	bac	GCF_000154465.1
ASV11299	1	0.017897	bac	GCA_022631215.1
ASV251	1	0.065343	bac	GCA_900538765.1
ASV6024	1	0.233811	bac	GCF_900176035.1
ASV2498	3	0.076853	bac	GCA_017569285.1
ASV93	1	0.00585	bac	GCF_009494395.1
ASV9838	4	0.056456	bac	GCF_000296465.1
ASV4881	7	0.034116	bac	GCA_900446925.1
ASV12320	1	0.013405	bac	GCF_000172175.1
ASV8989	1	0.043743	bac	GCF_002802865.1
ASV2587	2	0.00015	bac	GCF_003628755.1
ASV12281	1	0.041269	bac	GCF_018784445.1
ASV1290	1	0.00015	bac	GCA_902362365.1
ASV4385	3	0.018644	bac	GCF_016902445.1
ASV1584	5	0.00015	bac	GCF_012317185.1
ASV3203	1	0.011477	bac	GCF_014384895.1
ASV6436	1	0.020492	bac	GCA_000154345.1
ASV16525	1	0.093714	bac	GCF_000468015.1
ASV86	1	0.017448	bac	GCF_001679485.1
ASV749	9	0.015222	bac	GCF_002285495.1
ASV16498	5	0.044566	bac	GCF_009193325.2
ASV98	2	0.001476	bac	GCA_025145845.1
ASV13774	1	0.13734	bac	GCA_020555605.1
ASV1357	1	0.016016	bac	GCF_002161355.1
ASV187	1	0.016975	bac	GCF_008727815.1
ASV16	2	0.018175	bac	GCF_900155425.1
ASV13779	2	0.054466	bac	GCF_000012845.1
ASV5359	1	0.056041	bac	GCA_902765005.1
ASV2894	3	0.001685	bac	GCF_000466265.1
ASV422	1	0.01649	bac	GCF_016586355.1
ASV2789	1	0.08165	bac	GCF_004766315.1
ASV12293	1	0.023762	bac	GCF_009695995.1
ASV427	7	0.037291	bac	GCA_900446925.1
ASV809	1	0.095276	bac	GCF_000169255.2
ASV16492	1	0.018733	bac	GCF_003287495.1
ASV12297	1	0.129697	bac	GCA_008017315.1
ASV50	5	0.019555	bac	GCF_900537995.1
ASV8991	4	0.045814	bac	GCF_000296465.1
ASV12318	1	0.033465	bac	GCA_910583925.1
ASV13754	2	0.039988	bac	GCF_001182045.1
ASV16484	1	0.053365	bac	GCA_900543165.1
ASV216	1	0.004288	bac	GCF_000382445.1
ASV10441	1	0.104546	bac	GCF_008121495.1
ASV2547	1	0.039199	bac	GCF_000314795.2
ASV694	1	0.016255	bac	GCF_900186995.1
ASV4036	2	0.004521	bac	GCF_000478885.1
ASV2586	1	0.002826	bac	GCA_000613465.1
ASV10443	2	0.12428	bac	GCF_000467855.2
ASV2111	1	0.00015	bac	GCA_000155435.1
ASV16495	5	0.050471	bac	GCF_001314995.1
ASV13791	5	0.016972	bac	GCF_009193295.2
ASV2121	1	0.005788	bac	GCF_000212375.1
ASV16470	2	0.112335	bac	GCA_900770635.1
ASV16494	1	0.001471	bac	GCA_000803105.1
ASV246	1	0.225161	bac	GCF_014384765.1
ASV12311	5	0.038368	bac	GCA_000020605.1
ASV406	1	0.042071	bac	GCF_002959915.1
ASV206	1	0.014918	bac	GCF_016586355.1
ASV2550	1	0.056223	bac	GCF_000174815.1
ASV11274	1	0.076555	bac	GCA_944376795.1
ASV1388	1	0.005789	bac	GCF_000479005.1
ASV166	1	0.001536	bac	GCF_020537505.1
ASV16475	2	0.040159	bac	GCF_003402575.1
ASV13832	2	0.112335	bac	GCA_900770635.1
ASV1247	1	0.009486	bac	GCA_025147485.1
ASV176	5	0.00015	bac	GCF_002234575.2
ASV3007	1	0.00439	bac	GCF_016900355.1
ASV8001	1	0.001483	bac	GCF_018784445.1
ASV3969	1	0.1436	bac	GCA_015056045.1
ASV2853	5	0.010362	bac	GCF_001314995.1
ASV3147	1	0.00015	bac	GCF_900289145.1
ASV115	1	0.011785	bac	GCF_002161355.1
ASV446	1	0.00015	bac	GCF_001025135.1
ASV13828	5	0.044883	bac	GCF_001314995.1
ASV16445	1	0.15572	bac	GCF_014384785.1
ASV144	7	0.004373	bac	GCF_000012825.1
ASV236	1	0.004175	bac	GCF_013304735.1
ASV278	1	0.006343	bac	GCF_004535825.1
ASV1579	1	0.127025	bac	GCF_000178115.2
ASV2279	3	0.109656	bac	GCA_022009755.1
ASV1232	1	0.007183	bac	GCF_004535825.1
ASV1886	1	0.00015	bac	GCF_014384885.1
ASV5713	1	0.017471	bac	GCF_014287275.1
ASV19004	1	0.027889	bac	GCF_014297285.1
ASV13825	1	0.125068	bac	GCA_900550785.1
ASV9835	1	0.034384	bac	GCF_004535825.1
ASV13790	1	0.120385	bac	GCA_016286585.1
ASV2804	1	0.005928	bac	GCF_900148495.1
ASV16503	1	0.069732	bac	GCA_944364615.1
ASV614	1	0.00015	bac	GCF_019734885.1
ASV16501	1	0.064189	bac	GCA_944364615.1
ASV1110	1	0.001689	bac	GCA_025150425.1
ASV609	1	0.02431	bac	GCA_020555735.1
ASV515	2	0.00015	bac	GCF_004154955.1
ASV1861	1	0.022414	bac	GCA_900103495.1
ASV11273	1	0.02175	bac	GCF_003479605.1
ASV245	5	0.006405	bac	GCF_009193295.2
ASV16540	1	0.127996	bac	GCF_014287955.1
ASV2859	5	0.005877	bac	GCF_000585335.1
ASV885	4	0.107787	bac	GCA_025146925.1
ASV9824	1	0.121799	bac	GCA_944376295.1
ASV1505	1	0.007462	bac	GCF_900104615.1
ASV1284	1	0.077123	bac	GCF_000169255.2
ASV641	1	0.110321	bac	GCF_016901815.1
ASV2757	1	0.00015	bac	GCA_902362865.1
ASV3709	1	0.001565	bac	GCF_001280875.1
ASV5989	7	0.060574	bac	GCF_002965065.1
ASV4587	1	0.046259	bac	GCF_009193295.2
ASV19006	1	0.102694	bac	GCA_902784545.1
ASV12324	1	0.016799	bac	GCF_018784445.1
ASV716	2	0.001488	bac	GCA_018223435.1
ASV6314	1	0.027141	bac	GCF_900186535.1
ASV39	5	0.00015	bac	GCF_001025195.1
ASV4980	1	0.033587	bac	GCF_014384905.1
ASV2354	2	0.013262	bac	GCF_001182045.1
ASV1216	1	0.069848	bac	GCA_910575545.1
ASV398	1	0.020489	bac	GCF_001679485.1
ASV748	2	0.04827	bac	GCF_900120125.1
ASV9384	7	0.003108	bac	GCF_013009555.1
ASV4855	1	0.029381	bac	GCA_900104565.1
ASV679	1	0.009608	bac	GCF_003024675.1
ASV256	1	0.014632	bac	GCF_009738225.1
ASV3112	1	0.012369	bac	GCF_014297285.1
ASV138	1	0.001512	bac	GCF_003464165.1
ASV1841	1	0.017631	bac	GCF_003287405.1
ASV965	1	0.00015	bac	GCA_025149125.1
ASV13830	1	0.029618	bac	GCF_018784445.1
ASV1602	1	0.044654	bac	GCA_015055625.1
ASV2449	1	0.020774	bac	GCF_900104675.1
ASV5166	1	0.02693	bac	GCA_900018345.1
ASV9385	4	0.023649	bac	GCF_000296465.1
ASV5835	1	0.001513	bac	GCF_009696275.1
ASV217	1	0.00015	bac	GCA_025148125.1
ASV430	1	0.010285	bac	GCF_003473545.1
ASV234	1	0.00015	bac	GCF_900129655.1
ASV16541	7	0.108177	bac	GCF_900116045.1
ASV708	1	0.00015	bac	GCF_002159845.1
ASV2220	1	0.014434	bac	GCF_000188175.1
ASV16456	1	0.035875	bac	GCA_025150745.1
ASV4360	1	0.00528	bac	GCF_014836495.1
ASV653	1	0.001659	bac	GCF_014297285.1
ASV1726	3	0.045892	bac	GCA_017569285.1
ASV598	1	0.03651	bac	GCF_000233955.1
ASV7993	2	0.112335	bac	GCA_900770635.1
ASV13768	1	0.013739	bac	GCF_000188175.1
ASV7815	1	0.018162	bac	GCF_015751045.1
ASV228	1	0.075363	bac	GCF_014337195.1
ASV337	4	0.00015	bac	GCF_000269965.1
ASV4451	1	0.019176	bac	GCA_944376295.1
ASV576	1	0.07137	bac	GCF_940677205.1
ASV4482	1	0.058492	bac	GCF_000169255.2
ASV2536	2	0.003098	bac	GCF_000478885.1
ASV13777	5	0.046002	bac	GCF_001025195.1
ASV425	1	0.001556	bac	GCA_902363045.1
ASV160	6	0.003803	bac	GCF_015074785.1
ASV913	1	0.009416	bac	GCA_900551245.1
ASV958	4	0.05583	bac	GCF_002777255.1
ASV4632	1	0.014449	bac	GCF_000327285.1
ASV662	1	0.016292	bac	GCA_020555605.1
ASV7814	6	0.107015	bac	GCF_019127135.1
ASV8000	1	0.073952	bac	GCA_900315985.1
ASV13783	1	0.104559	bac	GCA_015067305.1
ASV7146	1	0.136603	bac	GCA_900315985.1
ASV4443	1	0.003325	bac	GCF_016901815.1
ASV2805	1	0.071856	bac	GCF_020736365.1
ASV3888	1	0.00302	bac	GCF_000239295.1
ASV12315	2	0.058089	bac	GCA_025145845.1
ASV220	1	0.068296	bac	GCA_910575545.1
ASV594	1	0.00015	bac	GCF_014306095.1
ASV5653	1	0.045721	bac	GCF_013185065.1
ASV6025	1	0.21071	bac	GCA_910577745.1
ASV239	6	0.002009	bac	GCF_015074785.1
ASV2135	1	0.030475	bac	GCF_004134775.1
ASV1820	2	0.009153	bac	GCF_000012845.1
ASV16465	3	0.104881	bac	GCA_017569285.1
ASV4931	1	0.00015	bac	GCF_000758885.1
ASV1090	5	0.02543	bac	GCF_003991565.1
ASV325	3	0.006114	bac	GCF_018326305.1
ASV1938	1	0.009728	bac	GCA_022867625.1
ASV2474	1	0.10435	bac	GCA_902784545.1
ASV10456	4	0.02444	bac	GCF_000296465.1
ASV3588	1	0.125864	bac	GCF_000178115.2
ASV6826	2	0.00015	bac	GCF_011405655.1
ASV5681	1	0.096244	bac	GCA_014385095.1
ASV4215	1	0.00015	bac	GCF_014384705.1
ASV4577	1	0.128816	bac	GCA_004793665.1
ASV1577	1	0.001574	bac	GCF_900291975.1
ASV823	1	0.129972	bac	GCA_900315885.1
ASV1109	1	0.11516	bac	GCA_020859985.1
ASV71	2	0.001478	bac	GCF_900104605.1
ASV12279	1	0.119172	bac	GCA_004557565.1
ASV139	7	0.011794	bac	GCF_002965065.1
ASV2537	1	0.054566	bac	GCF_014384765.1
ASV8993	2	0.02136	bac	GCA_025145285.1
ASV1384	1	0.067296	bac	GCF_000169255.2
ASV2971	1	0.028846	bac	GCF_002953655.1
ASV5191	1	0.002953	bac	GCF_003096815.1
ASV792	1	0.050871	bac	GCA_021202555.1
ASV12312	2	0.126417	bac	GCA_016839025.1
ASV13806	2	0.170361	bac	GCF_000478885.1
ASV16528	1	0.079461	bac	GCA_910583925.1
ASV16536	1	0.076915	bac	GCF_014168815.1
ASV11289	1	0.028795	bac	GCF_014384765.1
ASV2800	1	0.006114	bac	GCF_002161215.1
ASV16529	1	0.060201	bac	GCA_002211745.1
ASV16538	6	0.066061	bac	GCF_023347535.1
ASV597	2	0.124587	bac	GCF_000296445.1
ASV177	2	0.001476	bac	GCF_000012845.1
ASV1236	4	0.008319	bac	GCF_000296465.1
ASV9837	1	0.016195	bac	GCF_902832845.1
ASV21	7	0.008535	bac	GCF_000012825.1
ASV7148	3	0.035743	bac	GCF_024582815.1
ASV5321	1	0.025634	bac	GCA_900770295.1
ASV1298	1	0.024097	bac	GCA_902791625.1
ASV397	1	0.01609	bac	GCF_000205025.1
ASV2377	1	0.006464	bac	GCF_003478505.1
ASV5066	6	0.004015	bac	GCF_015074785.1
ASV789	1	0.001513	bac	GCA_003481005.1
ASV521	1	0.077587	bac	GCA_905219705.1
ASV13823	1	0.129103	bac	GCA_021768245.1
ASV5167	1	0.040468	bac	GCF_014384805.1
ASV4795	1	0.054014	bac	GCA_900104565.1
ASV49	5	0.001509	bac	GCF_002222615.2
ASV185	1	0.00015	bac	GCF_003478035.1
ASV145	1	0.00015	bac	GCF_015557635.1
ASV4835	7	0.004965	bac	GCF_000012825.1
ASV11296	2	0.12428	bac	GCF_000467855.2
ASV329	9	0.00015	bac	GCF_024499055.1
ASV12295	1	0.139886	bac	GCA_004552485.1
ASV1874	1	0.001509	bac	GCA_000154345.1
ASV193	1	0.042222	bac	GCA_916988195.3
ASV10447	1	0.05782	bac	GCF_000174815.1
ASV260	4	0.001534	bac	GCF_000296465.1
ASV126	1	0.024931	bac	GCA_910583925.1
ASV2776	1	0.010601	bac	GCF_014287875.1
ASV12313	1	0.225161	bac	GCF_014384765.1
ASV129	6	0.019848	bac	GCF_006337085.1
ASV10453	1	0.076747	bac	GCF_009738225.1
ASV13749	1	0.054497	bac	GCA_900539265.1
ASV1248	2	0.003056	bac	GCF_000024265.1
ASV16518	1	0.02324	bac	GCF_018784445.1
ASV836	1	0.00015	bac	GCA_000803105.1
ASV2088	1	0.013053	bac	GCF_021531715.1
ASV13800	1	0.03728	bac	GCF_000146185.1
ASV2608	1	0.006885	bac	GCF_000758755.1
ASV3183	1	0.09368	bac	GCA_018223385.1
ASV18	1	0.021354	bac	GCF_018784445.1
ASV8198	1	0.064863	bac	GCF_014384765.1
ASV2106	1	0.001512	bac	GCF_000212375.1
ASV128	2	0.013822	bac	GCF_002834225.1
ASV331	2	0.00869	bac	GCA_025145285.1
ASV13757	2	0.112335	bac	GCA_900770635.1
ASV16479	2	0.001607	bac	GCF_003628755.1
ASV6743	7	0.001406	bac	GCF_013009555.1
ASV4071	1	0.018967	bac	GCA_025152575.1
ASV7652	2	0.028904	bac	GCF_023921805.1
ASV1690	1	0.027979	bac	GCF_000314795.2
ASV3583	1	0.022706	bac	GCF_900199375.1
ASV1181	1	0.001511	bac	GCF_003464165.1
ASV1588	1	0.00158	bac	GCF_016901815.1
ASV6679	1	0.120385	bac	GCA_016286585.1
ASV830	2	0.051035	bac	GCF_900120125.1
ASV2215	1	0.00015	bac	GCF_019042245.1
ASV1	1	0.003848	bac	GCF_000160055.1
ASV1906	1	0.036202	bac	GCF_900106785.1
ASV1768	1	0.085353	bac	GCA_910577815.1
ASV481	1	0.002986	bac	GCF_000157915.1
ASV4540	1	0.044156	bac	GCF_015140235.1
ASV9377	2	0.12428	bac	GCF_000467855.2
ASV7651	1	0.042804	bac	GCA_910574835.1
ASV5422	5	0.019597	bac	GCF_009193325.2
ASV16535	1	0.026687	bac	GCF_900106755.1
ASV130	1	0.00015	bac	GCF_008121495.1
ASV310	1	0.08175	bac	GCA_910577815.1
ASV582	1	0.00015	bac	GCA_902363805.1
ASV12298	7	0.029676	bac	GCF_000012825.1
ASV8670	1	0.032795	bac	GCA_910583925.1
ASV272	3	0.004479	bac	GCA_018228685.1
ASV1631	1	0.007178	bac	GCF_900103425.1
ASV13810	4	0.048201	bac	GCF_000296465.1
ASV2492	1	0.03736	bac	GCA_014385105.1
ASV5651	1	0.010837	bac	GCF_000420465.1
ASV4161	1	0.033349	bac	GCF_014384905.1
ASV1733	1	0.00015	bac	GCF_014281125.1
ASV2381	7	0.016039	bac	GCA_021307345.1
ASV16504	2	0.112335	bac	GCA_900770635.1
ASV13780	1	0.052359	bac	GCA_020859985.1
ASV649	1	0.064743	bac	GCF_020736365.1
ASV69	1	0.00015	bac	GCF_020564355.1
ASV987	1	0.057616	bac	GCA_910583925.1
ASV5866	1	0.042612	bac	GCA_015067305.1
ASV16467	1	0.052085	bac	GCF_002160955.1
ASV16469	1	0.005626	bac	GCA_934504065.1
ASV3321	1	0.030374	bac	GCF_900155395.1
ASV1078	1	0.011523	bac	GCA_025147485.1
ASV16472	2	0.032963	bac	GCF_000154465.1
ASV94	1	0.004203	bac	GCF_000190535.1
ASV6225	1	0.001519	bac	GCF_009696275.1
ASV9379	4	0.01017	bac	GCF_000017205.1
ASV2878	2	0.001593	bac	GCF_000478885.1
ASV42	1	0.00734	bac	GCF_000025985.1
ASV16474	1	0.076889	bac	GCF_003287405.1
ASV786	1	0.077158	bac	GCA_902784545.1
ASV964	1	0.039052	bac	GCF_000314795.2
ASV16447	4	0.008708	bac	GCF_902810435.1
ASV3401	1	0.081883	bac	GCF_000169255.2
ASV8415	1	0.016152	bac	GCA_025147485.1
ASV1287	1	0.032848	bac	GCF_900626145.1
ASV593	1	0.00972	bac	GCF_000160055.1
ASV2376	1	0.019541	bac	GCA_000154345.1
ASV3403	3	0.021032	bac	GCF_000154845.1
ASV1320	1	0.026371	bac	GCA_003584705.1
ASV1293	1	0.080203	bac	GCA_902784545.1
ASV16516	1	0.005911	bac	GCF_000382445.1
ASV5040	2	0.01966	bac	GCF_900155425.1
ASV1046	1	0.003056	bac	GCA_023300185.1
ASV5068	1	0.017972	bac	GCF_003287495.1
ASV3381	7	0.011796	bac	GCF_002965065.1
ASV1640	1	0.036001	bac	GCF_016901735.1
ASV5652	1	0.037141	bac	GCF_016901775.1
ASV12321	1	0.112034	bac	GCA_021770005.1
ASV1697	1	0.020553	bac	GCF_014287875.1
ASV16489	1	0.129697	bac	GCA_008017315.1
ASV740	2	0.019661	bac	GCF_900155425.1
ASV3609	1	0.01585	bac	GCA_002270465.1
ASV1736	1	0.100644	bac	GCA_015067305.1
ASV13820	1	0.107321	bac	GCA_934216185.1
ASV3037	1	0.011708	bac	GCF_900290275.1
ASV1036	5	0.00015	bac	GCF_001071995.1
ASV2199	1	0.006289	bac	GCF_000160055.1
ASV1032	4	0.00015	bac	GCF_004295125.1
ASV3639	2	0.003051	bac	GCF_900626145.1
ASV10439	1	0.146505	bac	GCA_024227155.1
ASV13802	1	0.018058	bac	GCA_902362435.1
ASV284	2	0.007329	bac	GCF_000012845.1
ASV520	1	0.00015	bac	GCA_000154345.1
ASV528	1	0.00157	bac	GCA_001312505.1
ASV1328	1	0.011792	bac	GCF_020564355.1
ASV2040	1	0.013094	bac	GCA_022867625.1
ASV2524	1	0.003021	bac	GCF_000239295.1
ASV8990	1	0.061752	bac	GCF_002160955.1
ASV5017	5	0.056515	bac	GCF_000746025.2
